Brand,URL,Brand_URL_Part
100BON,https://www.douglas.pl/pl/b/100bon/b5914,b5914
111Skin,https://www.douglas.pl/pl/b/111skin/b4740,b4740
18.21 Man Made,https://www.douglas.pl/pl/b/1821-man-made/bp005,bp005
19-69,https://www.douglas.pl/pl/b/19-69/bf807,bf807
1o1 Barbers,https://www.douglas.pl/pl/b/1o1-barbers/bb090,bb090
27 87 perfumes,https://www.douglas.pl/pl/b/27-87-perfumes/bf344,bf344
3Deluxe,https://www.douglas.pl/pl/b/3deluxe/bb092,bb092
3INA,https://www.douglas.pl/pl/b/3ina/b2288,b2288
3LAB,https://www.douglas.pl/pl/b/3lab/ba243,ba243
4711,https://www.douglas.pl/pl/b/4711/b0947,b0947
4711 Acqua Colonia,https://www.douglas.pl/pl/b/4711-acqua-colonia/b3643,b3643
4organic,https://www.douglas.pl/pl/b/4organic/b1564,b1564
7days,https://www.douglas.pl/pl/b/7days/b1275,b1275
A4 Cosmetics,https://www.douglas.pl/pl/b/a4-cosmetics/bc266,bc266
aaa/unbranded,https://www.douglas.pl/pl/b/aaa-unbranded/b2903,b2903
AA COSMETICS,https://www.douglas.pl/pl/b/aa-cosmetics/b2129,b2129
Abercrombie & Fitch,https://www.douglas.pl/pl/b/abercrombie-fitch/b5356,b5356
About Me,https://www.douglas.pl/pl/b/about-me/bf646,bf646
Absolument Parfumeur,https://www.douglas.pl/pl/b/absolument-parfumeur/ba527,ba527
ACARAA,https://www.douglas.pl/pl/b/acaraa/b6325,b6325
ACCENDIS,https://www.douglas.pl/pl/b/accendis/ba256,ba256
Accentra,https://www.douglas.pl/pl/b/accentra/bp004,bp004
Acqua del Garda,https://www.douglas.pl/pl/b/acqua-del-garda/ba886,ba886
Acqua di Parma,https://www.douglas.pl/pl/b/acqua-di-parma/b0598,b0598
Acqua di Stresa,https://www.douglas.pl/pl/b/acqua-di-stresa/b4741,b4741
Adaptology,https://www.douglas.pl/pl/b/adaptology/bd596,bd596
Add-on beauty,https://www.douglas.pl/pl/b/add-on-beauty/bp006,bp006
adidas,https://www.douglas.pl/pl/b/adidas/b3267,b3267
Adrian,https://www.douglas.pl/pl/b/adrian/b4452,b4452
AEMIUM,https://www.douglas.pl/pl/b/aemium/b7684,b7684
Aeos,https://www.douglas.pl/pl/b/aeos/b6511,b6511
Aerin,https://www.douglas.pl/pl/b/aerin/b0198,b0198
Aesop,https://www.douglas.pl/pl/b/aesop/b3844,b3844
Aether,https://www.douglas.pl/pl/b/aether/b5661,b5661
Affect,https://www.douglas.pl/pl/b/affect/b9971,b9971
AGELXR,https://www.douglas.pl/pl/b/agelxr/bp007,bp007
AGGIE,https://www.douglas.pl/pl/b/aggie/b8439,b8439
AHAVA,https://www.douglas.pl/pl/b/ahava/b3531,b3531
Aigner,https://www.douglas.pl/pl/b/aigner/b0979,b0979
Ailoria,https://www.douglas.pl/pl/b/ailoria/b6740,b6740
Alcina,https://www.douglas.pl/pl/b/alcina/ba529,ba529
Alepia,https://www.douglas.pl/pl/b/alepia/bp008,bp008
Alessandro,https://www.douglas.pl/pl/b/alessandro/b0413,b0413
Alessi,https://www.douglas.pl/pl/b/alessi/b2287,b2287
Alexandre.J,https://www.douglas.pl/pl/b/alexandrej/b5668,b5668
Alex Simone,https://www.douglas.pl/pl/b/alex-simone/b5846,b5846
ALFAPARF MILANO,https://www.douglas.pl/pl/b/alfaparf-milano/bc917,bc917
Alfaparf Milano,https://www.douglas.pl/pl/b/alfaparf-milano/b1005,b1005
Alfa Romeo,https://www.douglas.pl/pl/b/alfa-romeo/b7706,b7706
Algenist,https://www.douglas.pl/pl/b/algenist/b5196,b5196
Alkmie,https://www.douglas.pl/pl/b/alkmie/b3726,b3726
Allies of Skin,https://www.douglas.pl/pl/b/allies-of-skin/b6185,b6185
All Tigers,https://www.douglas.pl/pl/b/all-tigers/b2217,b2217
Aloesove,https://www.douglas.pl/pl/b/aloesove/b0909,b0909
Alpecin,https://www.douglas.pl/pl/b/alpecin/bb050,bb050
Alterna,https://www.douglas.pl/pl/b/alterna/b2203,b2203
Alvarez Gomez,https://www.douglas.pl/pl/b/alvarez-gomez/bb020,bb020
Alyssa Ashley,https://www.douglas.pl/pl/b/alyssa-ashley/b0081,b0081
American Crew,https://www.douglas.pl/pl/b/american-crew/b0776,b0776
Amika,https://www.douglas.pl/pl/b/amika/bd129,bd129
Amouage,https://www.douglas.pl/pl/b/amouage/b1182,b1182
Anastasia Beverly Hills,https://www.douglas.pl/pl/b/anastasia-beverly-hills/b1687,b1687
Angel Schlesser,https://www.douglas.pl/pl/b/angel-schlesser/bc832,bc832
ANGRY BEARDS,https://www.douglas.pl/pl/b/angry-beards/b8201,b8201
Animal Island,https://www.douglas.pl/pl/b/animal-island/b0132,b0132
Annabelle Minerals,https://www.douglas.pl/pl/b/annabelle-minerals/b9347,b9347
Annayake,https://www.douglas.pl/pl/b/annayake/b0530,b0530
ANNEMARIE BöRLIND,https://www.douglas.pl/pl/b/annemarie-boerlind/b1144,b1144
Anne Möller,https://www.douglas.pl/pl/b/anne-moeller/bc838,bc838
Annick Goutal,https://www.douglas.pl/pl/b/annick-goutal/b8410,b8410
Anny,https://www.douglas.pl/pl/b/anny/b1716,b1716
Anthony,https://www.douglas.pl/pl/b/anthony/ba437,ba437
Antipodes,https://www.douglas.pl/pl/b/antipodes/ba438,ba438
ANTONIO AXU,https://www.douglas.pl/pl/b/antonio-axu/b2902,b2902
Antwerp Avenue,https://www.douglas.pl/pl/b/antwerp-avenue/bb014,bb014
Anua,https://www.douglas.pl/pl/b/anua/bf581,bf581
A'Pieu,https://www.douglas.pl/pl/b/apieu/b3995,b3995
Apis,https://www.douglas.pl/pl/b/apis/b5234,b5234
APLB,https://www.douglas.pl/pl/b/aplb/bf806,bf806
Apoem,https://www.douglas.pl/pl/b/apoem/bc273,bc273
Apot.Care,https://www.douglas.pl/pl/b/apotcare/b3814,b3814
Apricot,https://www.douglas.pl/pl/b/apricot/b5896,b5896
Aramis,https://www.douglas.pl/pl/b/aramis/b0077,b0077
ARCADIAN GROOMING,https://www.douglas.pl/pl/b/arcadian-grooming/b5640,b5640
Ardell,https://www.douglas.pl/pl/b/ardell/b1458,b1458
Arganicare,https://www.douglas.pl/pl/b/arganicare/bp011,bp011
Ariana Grande,https://www.douglas.pl/pl/b/ariana-grande/b5068,b5068
Armani,https://www.douglas.pl/pl/b/armani/b0014,b0014
Armani Exchange,https://www.douglas.pl/pl/b/armani-exchange/ba151,ba151
Arquiste,https://www.douglas.pl/pl/b/arquiste/b3257,b3257
ARTDECO,https://www.douglas.pl/pl/b/artdeco/b0180,b0180
Art de Parfum,https://www.douglas.pl/pl/b/art-de-parfum/bc275,bc275
Artego,https://www.douglas.pl/pl/b/artego/bb086,bb086
Artemis,https://www.douglas.pl/pl/b/artemis/b2202,b2202
ASABI,https://www.douglas.pl/pl/b/asabi/be100,be100
Asoa,https://www.douglas.pl/pl/b/asoa/b4825,b4825
Atelier Cologne,https://www.douglas.pl/pl/b/atelier-cologne/ba252,ba252
Atelier Oblique,https://www.douglas.pl/pl/b/atelier-oblique/ba719,ba719
Atkinsons,https://www.douglas.pl/pl/b/atkinsons/b4227,b4227
Atrue,https://www.douglas.pl/pl/b/atrue/b3217,b3217
Attirecare,https://www.douglas.pl/pl/b/attirecare/bf761,bf761
Augustinus Bader,https://www.douglas.pl/pl/b/augustinus-bader/b5652,b5652
Aurelia,https://www.douglas.pl/pl/b/aurelia/b5610,b5610
Auri,https://www.douglas.pl/pl/b/auri/b1283,b1283
Australian Bodycare,https://www.douglas.pl/pl/b/australian-bodycare/b6743,b6743
Australian Gold,https://www.douglas.pl/pl/b/australian-gold/bp013,bp013
Ava laboratorium,https://www.douglas.pl/pl/b/ava-laboratorium/b1566,b1566
AVA & MAY,https://www.douglas.pl/pl/b/ava-may/b7953,b7953
Avant Skincare,https://www.douglas.pl/pl/b/avant-skincare/b6392,b6392
Aveda,https://www.douglas.pl/pl/b/aveda/b5552,b5552
Awesome Cosmetics,https://www.douglas.pl/pl/b/awesome-cosmetics/b9724,b9724
Axiology,https://www.douglas.pl/pl/b/axiology/bd863,bd863
AXIS-Y,https://www.douglas.pl/pl/b/axis-y/b5267,b5267
Ayer,https://www.douglas.pl/pl/b/ayer/ba253,ba253
ayliva,https://www.douglas.pl/pl/b/ayliva/b9046,b9046
AZURE TAN,https://www.douglas.pl/pl/b/azure-tan/b1274,b1274
Azzaro,https://www.douglas.pl/pl/b/azzaro/b0603,b0603
BABOR,https://www.douglas.pl/pl/b/babor/b3630,b3630
Baby Foot,https://www.douglas.pl/pl/b/baby-foot/b1786,b1786
BaByliss,https://www.douglas.pl/pl/b/babyliss/b3240,b3240
BaByliss Pro,https://www.douglas.pl/pl/b/babyliss-pro/ba530,ba530
Baija Paris,https://www.douglas.pl/pl/b/baija-paris/bp015,bp015
Bakel,https://www.douglas.pl/pl/b/bakel/ba440,ba440
Bala,https://www.douglas.pl/pl/b/bala/bf637,bf637
Baldessarini,https://www.douglas.pl/pl/b/baldessarini/b0200,b0200
Balmain Hair Couture,https://www.douglas.pl/pl/b/balmain-hair-couture/bp016,bp016
BALR.,https://www.douglas.pl/pl/b/balr/b6324,b6324
Bambino,https://www.douglas.pl/pl/b/bambino/b8462,b8462
BAMM!LASHES,https://www.douglas.pl/pl/b/bammlashes/b7430,b7430
BANILA CO,https://www.douglas.pl/pl/b/banila-co/b5892,b5892
Barberino’s,https://www.douglas.pl/pl/b/barberinos/bf516,bf516
Barbie,https://www.douglas.pl/pl/b/barbie/b4427,b4427
Bardot,https://www.douglas.pl/pl/b/bardot/b7360,b7360
bareMinerals,https://www.douglas.pl/pl/b/bareminerals/b0191,b0191
Barnängen,https://www.douglas.pl/pl/b/barnaengen/b6748,b6748
BARONESS,https://www.douglas.pl/pl/b/baroness/b0274,b0274
BasicLab,https://www.douglas.pl/pl/b/basiclab/b9745,b9745
Batiste,https://www.douglas.pl/pl/b/batiste/b1817,b1817
Baxter of California,https://www.douglas.pl/pl/b/baxter-of-california/ba441,ba441
BBB London,https://www.douglas.pl/pl/b/bbb-london/b6737,b6737
Beaba,https://www.douglas.pl/pl/b/beaba/b2239,b2239
Beachwaver,https://www.douglas.pl/pl/b/beachwaver/b5476,b5476
Bears With Benefits,https://www.douglas.pl/pl/b/bears-with-benefits/b5777,b5777
Beauté Pacifique,https://www.douglas.pl/pl/b/beaute-pacifique/ba255,ba255
Beautifly,https://www.douglas.pl/pl/b/beautifly/b9211,b9211
Beauty Bakerie,https://www.douglas.pl/pl/b/beauty-bakerie/b6249,b6249
Beautybio,https://www.douglas.pl/pl/b/beautybio/ba443,ba443
beautyblender,https://www.douglas.pl/pl/b/beautyblender/b5293,b5293
Beauty & Care,https://www.douglas.pl/pl/b/beauty-care/bp021,bp021
Beauty of Joseon,https://www.douglas.pl/pl/b/beauty-of-joseon/bd673,bd673
Beauty UK,https://www.douglas.pl/pl/b/beauty-uk/b7254,b7254
BEAUUGREEN,https://www.douglas.pl/pl/b/beauugreen/b9873,b9873
Bebe Young Care,https://www.douglas.pl/pl/b/bebe-young-care/b6351,b6351
beBIO,https://www.douglas.pl/pl/b/bebio/bp159,bp159
Becker Solingen,https://www.douglas.pl/pl/b/becker-solingen/b0676,b0676
Bed of Nails,https://www.douglas.pl/pl/b/bed-of-nails/bf295,bf295
belif,https://www.douglas.pl/pl/b/belif/b2500,b2500
Bell,https://www.douglas.pl/pl/b/bell/b1922,b1922
Bella Aurora,https://www.douglas.pl/pl/b/bella-aurora/bc768,bc768
bellapierre,https://www.douglas.pl/pl/b/bellapierre/b5179,b5179
Beloro,https://www.douglas.pl/pl/b/beloro/bd346,bd346
Benamôr,https://www.douglas.pl/pl/b/benamor/b5867,b5867
Be Nature,https://www.douglas.pl/pl/b/be-nature/bp018,bp018
Bench.,https://www.douglas.pl/pl/b/bench/b4928,b4928
benecos,https://www.douglas.pl/pl/b/benecos/b1636,b1636
Bentley,https://www.douglas.pl/pl/b/bentley/bp024,bp024
Benton,https://www.douglas.pl/pl/b/benton/ba792,ba792
be organic,https://www.douglas.pl/pl/b/be-organic/bp019,bp019
BE + Radiance,https://www.douglas.pl/pl/b/be-radiance/b6922,b6922
BERANI,https://www.douglas.pl/pl/b/berani/b6190,b6190
Berkovicz Tatra Cosmetics,https://www.douglas.pl/pl/b/berkovicz-tatra-cosmetics/b6279,b6279
Be the Sky Girl,https://www.douglas.pl/pl/b/be-the-sky-girl/bp020,bp020
Betty Barclay,https://www.douglas.pl/pl/b/betty-barclay/b0305,b0305
Beverly Hills Formula,https://www.douglas.pl/pl/b/beverly-hills-formula/b2191,b2191
BeYu,https://www.douglas.pl/pl/b/beyu/b0073,b0073
Biała Perła,https://www.douglas.pl/pl/b/biala-perla/b9765,b9765
Bielenda,https://www.douglas.pl/pl/b/bielenda/bp025,bp025
Bielenda Professional,https://www.douglas.pl/pl/b/bielenda-professional/b2134,b2134
Bigelius Skincare,https://www.douglas.pl/pl/b/bigelius-skincare/b2659,b2659
bilou,https://www.douglas.pl/pl/b/bilou/b5868,b5868
Bio2You,https://www.douglas.pl/pl/b/bio2you/bp026,bp026
Biobaza,https://www.douglas.pl/pl/b/biobaza/b1860,b1860
Biodance,https://www.douglas.pl/pl/b/biodance/bf805,bf805
BIOEFFECT,https://www.douglas.pl/pl/b/bioeffect/ba264,ba264
BioElixire,https://www.douglas.pl/pl/b/bioelixire/b4234,b4234
Bio Happy,https://www.douglas.pl/pl/b/bio-happy/b8302,b8302
Biolage,https://www.douglas.pl/pl/b/biolage/b5379,b5379
Biolage R.A.W,https://www.douglas.pl/pl/b/biolage-raw/b5378,b5378
Bioliq,https://www.douglas.pl/pl/b/bioliq/b3432,b3432
Bionigree,https://www.douglas.pl/pl/b/bionigree/b2092,b2092
Biosilk,https://www.douglas.pl/pl/b/biosilk/b3403,b3403
Biotherm,https://www.douglas.pl/pl/b/biotherm/b0053,b0053
Biotherm Homme,https://www.douglas.pl/pl/b/biotherm-homme/b0057,b0057
Biotulin,https://www.douglas.pl/pl/b/biotulin/b2461,b2461
Biovax,https://www.douglas.pl/pl/b/biovax/b3813,b3813
Birkholz,https://www.douglas.pl/pl/b/birkholz/b5678,b5678
BJO,https://www.douglas.pl/pl/b/bjo/b2179,b2179
Björk & Berries,https://www.douglas.pl/pl/b/bjoerk-berries/b5518,b5518
BJÖRN AXÉN,https://www.douglas.pl/pl/b/bjoern-axen/bc719,bc719
bkr,https://www.douglas.pl/pl/b/bkr/b5377,b5377
Blax,https://www.douglas.pl/pl/b/blax/ba446,ba446
BLEND OUD,https://www.douglas.pl/pl/b/blend-oud/ba267,ba267
Blenior,https://www.douglas.pl/pl/b/blenior/b9308,b9308
Bloom & Blossom,https://www.douglas.pl/pl/b/bloom-blossom/ba448,ba448
Blumarine,https://www.douglas.pl/pl/b/blumarine/b2060,b2060
Bobbi Brown,https://www.douglas.pl/pl/b/bobbi-brown/b0633,b0633
BodyBoom,https://www.douglas.pl/pl/b/bodyboom/bp028,bp028
Body Tones,https://www.douglas.pl/pl/b/body-tones/bp027,bp027
Boho Beauty,https://www.douglas.pl/pl/b/boho-beauty/b5904,b5904
Bohoboco,https://www.douglas.pl/pl/b/bohoboco/b7530,b7530
Bonajour,https://www.douglas.pl/pl/b/bonajour/bc750,bc750
Bondi Sands,https://www.douglas.pl/pl/b/bondi-sands/bd399,bd399
Bondi Wash,https://www.douglas.pl/pl/b/bondi-wash/b2218,b2218
Bond No. 9,https://www.douglas.pl/pl/b/bond-no-9/b1109,b1109
BOON,https://www.douglas.pl/pl/b/boon/b0624,b0624
BORN DREAMER By Charli D’Amelio,https://www.douglas.pl/pl/b/born-dreamer-by-charli-damelio/b7428,b7428
Botanicapharma,https://www.douglas.pl/pl/b/botanicapharma/b1010,b1010
Bottega Veneta,https://www.douglas.pl/pl/b/bottega-veneta/b1898,b1898
Boucheron,https://www.douglas.pl/pl/b/boucheron/b0908,b0908
Bouclème,https://www.douglas.pl/pl/b/boucleme/b7167,b7167
Bourjois,https://www.douglas.pl/pl/b/bourjois/b3440,b3440
bPerfect,https://www.douglas.pl/pl/b/bperfect/b7827,b7827
Bracia Mydlarze,https://www.douglas.pl/pl/b/bracia-mydlarze/b6287,b6287
Braun,https://www.douglas.pl/pl/b/braun/ba773,ba773
Brioni,https://www.douglas.pl/pl/b/brioni/b4863,b4863
bruno banani,https://www.douglas.pl/pl/b/bruno-banani/b0755,b0755
Brushworks,https://www.douglas.pl/pl/b/brushworks/bb116,bb116
Bugatti,https://www.douglas.pl/pl/b/bugatti/ba910,ba910
Bullfrog,https://www.douglas.pl/pl/b/bullfrog/ba829,ba829
BURBERRY,https://www.douglas.pl/pl/b/burberry/b0537,b0537
Burt's Bees,https://www.douglas.pl/pl/b/burts-bees/b0859,b0859
BVLGARI,https://www.douglas.pl/pl/b/bvlgari/b0070,b0070
By Eloise,https://www.douglas.pl/pl/b/by-eloise/ba449,ba449
byEloise,https://www.douglas.pl/pl/b/byeloise/b7102,b7102
BYREDO,https://www.douglas.pl/pl/b/byredo/b3835,b3835
Byroe,https://www.douglas.pl/pl/b/byroe/b8723,b8723
By Terry,https://www.douglas.pl/pl/b/by-terry/b9859,b9859
By Wishtrend,https://www.douglas.pl/pl/b/by-wishtrend/ba793,ba793
Cacharel,https://www.douglas.pl/pl/b/cacharel/b0010,b0010
Cailyn,https://www.douglas.pl/pl/b/cailyn/bp029,bp029
CALVIN KLEIN,https://www.douglas.pl/pl/b/calvin-klein/b0032,b0032
Candly&Co,https://www.douglas.pl/pl/b/candlyco/bp031,bp031
CANNACORE,https://www.douglas.pl/pl/b/cannacore/b8840,b8840
Cannavitis,https://www.douglas.pl/pl/b/cannavitis/b6342,b6342
Captain’s Essentials,https://www.douglas.pl/pl/b/captains-essentials/bf600,bf600
Carefree,https://www.douglas.pl/pl/b/carefree/bd213,bd213
Carine Roitfeld,https://www.douglas.pl/pl/b/carine-roitfeld/b6434,b6434
Carlo Oliveri,https://www.douglas.pl/pl/b/carlo-oliveri/b9516,b9516
Carolina Herrera,https://www.douglas.pl/pl/b/carolina-herrera/b0061,b0061
CARON Paris,https://www.douglas.pl/pl/b/caron-paris/b3595,b3595
Cartier,https://www.douglas.pl/pl/b/cartier/b0054,b0054
Carven,https://www.douglas.pl/pl/b/carven/b3237,b3237
Cashmere,https://www.douglas.pl/pl/b/cashmere/bp032,bp032
Casmara,https://www.douglas.pl/pl/b/casmara/b3792,b3792
Cat&Cat,https://www.douglas.pl/pl/b/catcat/b7921,b7921
Catrice,https://www.douglas.pl/pl/b/catrice/b1654,b1654
Cattier,https://www.douglas.pl/pl/b/cattier/b1919,b1919
Caudalie,https://www.douglas.pl/pl/b/caudalie/bp033,bp033
Cawö,https://www.douglas.pl/pl/b/cawoe/b5420,b5420
CBD Vital,https://www.douglas.pl/pl/b/cbd-vital/bd670,bd670
CELLCOSMET,https://www.douglas.pl/pl/b/cellcosmet/ba702,ba702
Celloo,https://www.douglas.pl/pl/b/celloo/b4712,b4712
Cerruti,https://www.douglas.pl/pl/b/cerruti/ba277,ba277
Cetaphil,https://www.douglas.pl/pl/b/cetaphil/bb354,bb354
Cettua,https://www.douglas.pl/pl/b/cettua/bp034,bp034
CHANEL,https://www.douglas.pl/pl/b/chanel/b0007,b0007
CHANSONS,https://www.douglas.pl/pl/b/chansons/b942,b942
Chantecaille,https://www.douglas.pl/pl/b/chantecaille/bc996,bc996
Charlemagne Premium,https://www.douglas.pl/pl/b/charlemagne-premium/b5431,b5431
Charlotte Meentzen,https://www.douglas.pl/pl/b/charlotte-meentzen/b0579,b0579
CHERIGAN,https://www.douglas.pl/pl/b/cherigan/b3758,b3758
Chesapeake Bay,https://www.douglas.pl/pl/b/chesapeake-bay/b1897,b1897
CHI,https://www.douglas.pl/pl/b/chi/ba280,ba280
Chiara Ambra,https://www.douglas.pl/pl/b/chiara-ambra/b1843,b1843
Chilly's,https://www.douglas.pl/pl/b/chillys/bb126,bb126
Chireureu,https://www.douglas.pl/pl/b/chireureu/bp035,bp035
Chloé,https://www.douglas.pl/pl/b/chloe/b0519,b0519
Chopard,https://www.douglas.pl/pl/b/chopard/b0106,b0106
Chopin,https://www.douglas.pl/pl/b/chopin/bp036,bp036
Chris Rubin,https://www.douglas.pl/pl/b/chris-rubin/bd613,bd613
Christina Aguilera,https://www.douglas.pl/pl/b/christina-aguilera/b1225,b1225
Christophe Robin,https://www.douglas.pl/pl/b/christophe-robin/b5364,b5364
Cilamour,https://www.douglas.pl/pl/b/cilamour/b5450,b5450
Clarins,https://www.douglas.pl/pl/b/clarins/b0140,b0140
Claus Porto,https://www.douglas.pl/pl/b/claus-porto/ba453,ba453
CLEAN,https://www.douglas.pl/pl/b/clean/b5964,b5964
Clineral,https://www.douglas.pl/pl/b/clineral/ba282,ba282
Clinique,https://www.douglas.pl/pl/b/clinique/b0008,b0008
Clive Christian,https://www.douglas.pl/pl/b/clive-christian/b3668,b3668
Clochee,https://www.douglas.pl/pl/b/clochee/bp039,bp039
Cloud Nine,https://www.douglas.pl/pl/b/cloud-nine/b2301,b2301
Clubman Pinaud,https://www.douglas.pl/pl/b/clubman-pinaud/ba842,ba842
Clynol,https://www.douglas.pl/pl/b/clynol/ba539,ba539
COACH,https://www.douglas.pl/pl/b/coach/b3324,b3324
C.O. Bigelow,https://www.douglas.pl/pl/b/co-bigelow/ba721,ba721
Coccinelle,https://www.douglas.pl/pl/b/coccinelle/ba160,ba160
Coco & Eve,https://www.douglas.pl/pl/b/coco-eve/b5709,b5709
Cocosolis,https://www.douglas.pl/pl/b/cocosolis/b1915,b1915
Code8,https://www.douglas.pl/pl/b/code8/b6627,b6627
colibri skincare,https://www.douglas.pl/pl/b/colibri-skincare/b8184,b8184
Collistar,https://www.douglas.pl/pl/b/collistar/b1276,b1276
Collosol,https://www.douglas.pl/pl/b/collosol/b6265,b6265
COLOR WOW,https://www.douglas.pl/pl/b/color-wow/b4750,b4750
Comme des Garçons,https://www.douglas.pl/pl/b/comme-des-garcons/b7380,b7380
COMMON CLOUDS,https://www.douglas.pl/pl/b/common-clouds/b8213,b8213
Comodynes,https://www.douglas.pl/pl/b/comodynes/b0986,b0986
Compeed,https://www.douglas.pl/pl/b/compeed/b0000,b0000
Constance Carroll,https://www.douglas.pl/pl/b/constance-carroll/b7576,b7576
Coola,https://www.douglas.pl/pl/b/coola/b5352,b5352
CORBO,https://www.douglas.pl/pl/b/corbo/be408,be408
Corpus,https://www.douglas.pl/pl/b/corpus/bf296,bf296
Cosmiq,https://www.douglas.pl/pl/b/cosmiq/b8743,b8743
Cosmos,https://www.douglas.pl/pl/b/cosmos/bb152,bb152
Cosrx,https://www.douglas.pl/pl/b/cosrx/ba794,ba794
Courreges,https://www.douglas.pl/pl/b/courreges/bc870,bc870
Cowboysbag,https://www.douglas.pl/pl/b/cowboysbag/ba418,ba418
Creamy,https://www.douglas.pl/pl/b/creamy/b2251,b2251
Creed,https://www.douglas.pl/pl/b/creed/b0192,b0192
Cristiano Ronaldo,https://www.douglas.pl/pl/b/cristiano-ronaldo/ba287,ba287
Crystallove,https://www.douglas.pl/pl/b/crystallove/b6201,b6201
CTZN Cosmetics,https://www.douglas.pl/pl/b/ctzn-cosmetics/b7018,b7018
Curaprox,https://www.douglas.pl/pl/b/curaprox/ba542,ba542
Curlsmith,https://www.douglas.pl/pl/b/curlsmith/b9172,b9172
Cyrulicy,https://www.douglas.pl/pl/b/cyrulicy/b2252,b2252
DADO SENS Dermacosmetics,https://www.douglas.pl/pl/b/dado-sens-dermacosmetics/b1042,b1042
DAFNI,https://www.douglas.pl/pl/b/dafni/b6794,b6794
D’ALCHÉMY,https://www.douglas.pl/pl/b/dalchemy/bp043,bp043
Dame,https://www.douglas.pl/pl/b/dame/ba455,ba455
Daniel Wellington,https://www.douglas.pl/pl/b/daniel-wellington/bc235,bc235
David Beckham,https://www.douglas.pl/pl/b/david-beckham/b0659,b0659
David Mallett,https://www.douglas.pl/pl/b/david-mallett/ba456,ba456
Davidoff,https://www.douglas.pl/pl/b/davidoff/b0107,b0107
Da Vinci,https://www.douglas.pl/pl/b/da-vinci/b0587,b0587
Dax Sun,https://www.douglas.pl/pl/b/dax-sun/b8932,b8932
Dear Dahlia,https://www.douglas.pl/pl/b/dear-dahlia/b6720,b6720
Dear Klairs,https://www.douglas.pl/pl/b/dear-klairs/ba791,ba791
Deborah Lippmann,https://www.douglas.pl/pl/b/deborah-lippmann/ba682,ba682
Declaré,https://www.douglas.pl/pl/b/declare/b0122,b0122
Delia Cameleo,https://www.douglas.pl/pl/b/delia-cameleo/b6096,b6096
Delia Cosmetics,https://www.douglas.pl/pl/b/delia-cosmetics/b6089,b6089
Dentissimo,https://www.douglas.pl/pl/b/dentissimo/bp195,bp195
Derek Lam,https://www.douglas.pl/pl/b/derek-lam/b5512,b5512
Derma,https://www.douglas.pl/pl/b/derma/bp044,bp044
Dermalogica,https://www.douglas.pl/pl/b/dermalogica/b0043,b0043
Dermaroller,https://www.douglas.pl/pl/b/dermaroller/bc302,bc302
Dermash Cosmetics,https://www.douglas.pl/pl/b/dermash-cosmetics/b6278,b6278
Dermika,https://www.douglas.pl/pl/b/dermika/bp165,bp165
Dermz Laboratories,https://www.douglas.pl/pl/b/dermz-laboratories/b2247,b2247
Diana Vreeland,https://www.douglas.pl/pl/b/diana-vreeland/ba620,ba620
Diblanc,https://www.douglas.pl/pl/b/diblanc/bp046,bp046
Dicora Urban Fit,https://www.douglas.pl/pl/b/dicora-urban-fit/b4835,b4835
Diego dalla Palma,https://www.douglas.pl/pl/b/diego-dalla-palma/b5124,b5124
Diesel,https://www.douglas.pl/pl/b/diesel/b1165,b1165
Difeel,https://www.douglas.pl/pl/b/difeel/b1039,b1039
Diforo,https://www.douglas.pl/pl/b/diforo/b1110,b1110
DIOR,https://www.douglas.pl/pl/b/dior/b0690,b0690
Disney,https://www.douglas.pl/pl/b/disney/b9930,b9930
DIVES MED,https://www.douglas.pl/pl/b/dives-med/b6560,b6560
DKNY,https://www.douglas.pl/pl/b/dkny/b9959,b9959
Doctor Duve Medical,https://www.douglas.pl/pl/b/doctor-duve-medical/b5687,b5687
Doctor Eckstein,https://www.douglas.pl/pl/b/doctor-eckstein/b4066,b4066
DOCTOR MI!,https://www.douglas.pl/pl/b/doctor-mi/bf638,bf638
Doers of London,https://www.douglas.pl/pl/b/doers-of-london/ba458,ba458
Dolce&Gabbana,https://www.douglas.pl/pl/b/dolcegabbana/b0204,b0204
Doll Face,https://www.douglas.pl/pl/b/doll-face/b6657,b6657
Doppelherz,https://www.douglas.pl/pl/b/doppelherz/ba242,ba242
Dose of Colors,https://www.douglas.pl/pl/b/dose-of-colors/b3832,b3832
Double Dare,https://www.douglas.pl/pl/b/double-dare/bp048,bp048
Douglas,https://www.douglas.pl/pl/b/douglas/b8767,b8767
Douglas Accessoires,https://www.douglas.pl/pl/b/douglas-accessoires/b9994,b9994
Douglas Collection,https://www.douglas.pl/pl/b/douglas-collection/b9834,b9834
Dove,https://www.douglas.pl/pl/b/dove/b4594,b4594
DR AMBROZIAK LABORATORIUM,https://www.douglas.pl/pl/b/dr-ambroziak-laboratorium/b3891,b3891
Dr. Barbara Sturm,https://www.douglas.pl/pl/b/dr-barbara-sturm/b5648,b5648
DR. BRANDT,https://www.douglas.pl/pl/b/dr-brandt/bp050,bp050
Dr. Bronner's,https://www.douglas.pl/pl/b/dr-bronners/b9843,b9843
Dr. Ceuracle,https://www.douglas.pl/pl/b/dr-ceuracle/b2285,b2285
Dr Dennis Gross,https://www.douglas.pl/pl/b/dr-dennis-gross/b3911,b3911
Dreem Distillery,https://www.douglas.pl/pl/b/dreem-distillery/bf639,bf639
Dr. Hauschka,https://www.douglas.pl/pl/b/dr-hauschka/b1133,b1133
Dr Irena Eris,https://www.douglas.pl/pl/b/dr-irena-eris/b2216,b2216
Dr. K Soap Company,https://www.douglas.pl/pl/b/dr-k-soap-company/ba547,ba547
Dr. Niedermaier natural luxury,https://www.douglas.pl/pl/b/dr-niedermaier-natural-luxury/b5682,b5682
Dr. Organic,https://www.douglas.pl/pl/b/dr-organic/bc825,bc825
Dr. Scheller,https://www.douglas.pl/pl/b/dr-scheller/b1105,b1105
Dr. Sebagh,https://www.douglas.pl/pl/b/dr-sebagh/ba294,ba294
Dr. Susanne von Schmiedeberg,https://www.douglas.pl/pl/b/dr-susanne-von-schmiedeberg/b5659,b5659
Drunk Elephant,https://www.douglas.pl/pl/b/drunk-elephant/b6571,b6571
Drybar,https://www.douglas.pl/pl/b/drybar/bf749,bf749
Dsquared2,https://www.douglas.pl/pl/b/dsquared2/b1212,b1212
Duetus,https://www.douglas.pl/pl/b/duetus/b2021,b2021
Durex,https://www.douglas.pl/pl/b/durex/ba549,ba549
Earth Salt,https://www.douglas.pl/pl/b/earth-salt/b1031,b1031
EASTSIDE,https://www.douglas.pl/pl/b/eastside/ba868,ba868
EBENHOLZ Skincare,https://www.douglas.pl/pl/b/ebenholz-skincare/ba810,ba810
Ecocera,https://www.douglas.pl/pl/b/ecocera/bp051,bp051
ECOLORE,https://www.douglas.pl/pl/b/ecolore/b2299,b2299
Ecooking,https://www.douglas.pl/pl/b/ecooking/b5547,b5547
E. Coudray,https://www.douglas.pl/pl/b/e-coudray/ba551,ba551
Eeny Meeny,https://www.douglas.pl/pl/b/eeny-meeny/b1967,b1967
Efalock Professional,https://www.douglas.pl/pl/b/efalock-professional/ba553,ba553
Egyptian Magic,https://www.douglas.pl/pl/b/egyptian-magic/b9868,b9868
EIGHT & BOB,https://www.douglas.pl/pl/b/eight-bob/ba299,ba299
eilish Billie Eilish,https://www.douglas.pl/pl/b/eilish-billie-eilish/b8148,b8148
EIMI,https://www.douglas.pl/pl/b/eimi/bp052,bp052
Elchim,https://www.douglas.pl/pl/b/elchim/b6957,b6957
Element,https://www.douglas.pl/pl/b/element/b7896,b7896
ELEMIS,https://www.douglas.pl/pl/b/elemis/b7511,b7511
Eleven Australia,https://www.douglas.pl/pl/b/eleven-australia/b6783,b6783
ELEVEN AUSTRALIA,https://www.douglas.pl/pl/b/eleven-australia/b33467,b33467
ELEVER COSMETICS,https://www.douglas.pl/pl/b/elever-cosmetics/b9274,b9274
El Ganso,https://www.douglas.pl/pl/b/el-ganso/bd200,bd200
Elie Saab,https://www.douglas.pl/pl/b/elie-saab/b1787,b1787
Elizabeth Arden,https://www.douglas.pl/pl/b/elizabeth-arden/b0001,b0001
Elle,https://www.douglas.pl/pl/b/elle/bc305,bc305
Elli,https://www.douglas.pl/pl/b/elli/ba423,ba423
Elli DIAMONDS,https://www.douglas.pl/pl/b/elli-diamonds/bd462,bd462
Elli PREMIUM,https://www.douglas.pl/pl/b/elli-premium/ba424,ba424
Ellis Brooklyn,https://www.douglas.pl/pl/b/ellis-brooklyn/b6134,b6134
Embryolisse,https://www.douglas.pl/pl/b/embryolisse/b2532,b2532
Emera,https://www.douglas.pl/pl/b/emera/b6390,b6390
Emily & Noah,https://www.douglas.pl/pl/b/emily-noah/ba924,ba924
Emma Hardie,https://www.douglas.pl/pl/b/emma-hardie/b5089,b5089
Emporio Armani,https://www.douglas.pl/pl/b/emporio-armani/ba164,ba164
Engelsrufer,https://www.douglas.pl/pl/b/engelsrufer/b2211,b2211
Equilibra,https://www.douglas.pl/pl/b/equilibra/b0962,b0962
ERBE,https://www.douglas.pl/pl/b/erbe/ba555,ba555
ERBORIAN,https://www.douglas.pl/pl/b/erborian/ba304,ba304
Ermenegildo Zegna,https://www.douglas.pl/pl/b/ermenegildo-zegna/b3248,b3248
Erno Laszlo,https://www.douglas.pl/pl/b/erno-laszlo/b2167,b2167
Escada,https://www.douglas.pl/pl/b/escada/b0613,b0613
ê Shave,https://www.douglas.pl/pl/b/e-shave/ba550,ba550
Essence,https://www.douglas.pl/pl/b/essence/b5590,b5590
essie,https://www.douglas.pl/pl/b/essie/b1239,b1239
Estée Lauder,https://www.douglas.pl/pl/b/estee-lauder/b0115,b0115
Estelle & Thild,https://www.douglas.pl/pl/b/estelle-thild/b7514,b7514
ESTRID,https://www.douglas.pl/pl/b/estrid/b3260,b3260
Etro,https://www.douglas.pl/pl/b/etro/b0437,b0437
ETUDE HOUSE,https://www.douglas.pl/pl/b/etude-house/bf338,bf338
Eva Minge,https://www.douglas.pl/pl/b/eva-minge/b1421,b1421
Eveline Cosmetics,https://www.douglas.pl/pl/b/eveline-cosmetics/b7456,b7456
Eve Lom,https://www.douglas.pl/pl/b/eve-lom/ba463,ba463
EVERYBODY LONDON,https://www.douglas.pl/pl/b/everybody-london/b7241,b7241
EVO,https://www.douglas.pl/pl/b/evo/b2038,b2038
Evody,https://www.douglas.pl/pl/b/evody/ba310,ba310
Evolve Organic Beauty,https://www.douglas.pl/pl/b/evolve-organic-beauty/b6598,b6598
Exuma Parfums,https://www.douglas.pl/pl/b/exuma-parfums/b9222,b9222
Eyeko,https://www.douglas.pl/pl/b/eyeko/b1781,b1781
Eylure,https://www.douglas.pl/pl/b/eylure/b3386,b3386
EZPZ,https://www.douglas.pl/pl/b/ezpz/b5278,b5278
Faace,https://www.douglas.pl/pl/b/faace/b6850,b6850
Fable & Mane,https://www.douglas.pl/pl/b/fable-mane/b5656,b5656
Faebey,https://www.douglas.pl/pl/b/faebey/bd234,bd234
Fake Bake,https://www.douglas.pl/pl/b/fake-bake/bp055,bp055
Fanola,https://www.douglas.pl/pl/b/fanola/ba557,ba557
Fantasia,https://www.douglas.pl/pl/b/fantasia/b0427,b0427
FAQ Swiss,https://www.douglas.pl/pl/b/faq-swiss/bf233,bf233
FARMACY,https://www.douglas.pl/pl/b/farmacy/b7831,b7831
FARMSKIN,https://www.douglas.pl/pl/b/farmskin/b2105,b2105
Fashiongirl,https://www.douglas.pl/pl/b/fashiongirl/bc885,bc885
Feedskin,https://www.douglas.pl/pl/b/feedskin/b7342,b7342
Feerie Celeste,https://www.douglas.pl/pl/b/feerie-celeste/b4222,b4222
Fenjal,https://www.douglas.pl/pl/b/fenjal/b6969,b6969
Festina,https://www.douglas.pl/pl/b/festina/ba168,ba168
FILA,https://www.douglas.pl/pl/b/fila/b0988,b0988
Filorga,https://www.douglas.pl/pl/b/filorga/b3465,b3465
Firsthand,https://www.douglas.pl/pl/b/firsthand/b1485,b1485
Flagolie,https://www.douglas.pl/pl/b/flagolie/b4658,b4658
Fleeky,https://www.douglas.pl/pl/b/fleeky/bc595,bc595
Floid,https://www.douglas.pl/pl/b/floid/bb030,bb030
Florence By Mills,https://www.douglas.pl/pl/b/florence-by-mills/b7515,b7515
Floris London,https://www.douglas.pl/pl/b/floris-london/ba558,ba558
Floslek,https://www.douglas.pl/pl/b/floslek/b9007,b9007
Flower&Spice,https://www.douglas.pl/pl/b/flowerspice/b3222,b3222
Foamanizer,https://www.douglas.pl/pl/b/foamanizer/b2262,b2262
FOREO,https://www.douglas.pl/pl/b/foreo/b1784,b1784
Fossil,https://www.douglas.pl/pl/b/fossil/ba169,ba169
Frapin,https://www.douglas.pl/pl/b/frapin/b7777,b7777
French Girl,https://www.douglas.pl/pl/b/french-girl/ba684,ba684
Friends Cosmetics,https://www.douglas.pl/pl/b/friends-cosmetics/b4608,b4608
Frulatte,https://www.douglas.pl/pl/b/frulatte/bp059,bp059
Fudge,https://www.douglas.pl/pl/b/fudge/ba559,ba559
Furla,https://www.douglas.pl/pl/b/furla/ba171,ba171
FUTURE STORIES,https://www.douglas.pl/pl/b/future-stories/be592,be592
G9 Skin,https://www.douglas.pl/pl/b/g9-skin/bc614,bc614
Gabriela Sabatini,https://www.douglas.pl/pl/b/gabriela-sabatini/ba561,ba561
Gainsboro,https://www.douglas.pl/pl/b/gainsboro/b9903,b9903
Gallazzo,https://www.douglas.pl/pl/b/gallazzo/ba901,ba901
Gamma+,https://www.douglas.pl/pl/b/gamma/bf620,bf620
Gant,https://www.douglas.pl/pl/b/gant/bb170,bb170
GARETT BEAUTY,https://www.douglas.pl/pl/b/garett-beauty/b9277,b9277
Garnier,https://www.douglas.pl/pl/b/garnier/b3970,b3970
Gas Bijoux,https://www.douglas.pl/pl/b/gas-bijoux/b6679,b6679
Gatta,https://www.douglas.pl/pl/b/gatta/b7830,b7830
Gelish,https://www.douglas.pl/pl/b/gelish/b0386,b0386
Gentle Day,https://www.douglas.pl/pl/b/gentle-day/b1874,b1874
Geoffrey Beene,https://www.douglas.pl/pl/b/geoffrey-beene/ba313,ba313
GGEMA PARIS,https://www.douglas.pl/pl/b/ggema-paris/b2972,b2972
GGs Natureceuticals,https://www.douglas.pl/pl/b/ggs-natureceuticals/bc314,bc314
Gianni Chiarini,https://www.douglas.pl/pl/b/gianni-chiarini/bf649,bf649
Giardino Benessere,https://www.douglas.pl/pl/b/giardino-benessere/be634,be634
Gift of Nature,https://www.douglas.pl/pl/b/gift-of-nature/b2432,b2432
GIGI,https://www.douglas.pl/pl/b/gigi/b7201,b7201
Ginger Organic,https://www.douglas.pl/pl/b/ginger-organic/bp060,bp060
Giorgio Beverly Hills,https://www.douglas.pl/pl/b/giorgio-beverly-hills/b0104,b0104
Giovanni,https://www.douglas.pl/pl/b/giovanni/b1626,b1626
Gisada,https://www.douglas.pl/pl/b/gisada/b5704,b5704
Givenchy,https://www.douglas.pl/pl/b/givenchy/b0136,b0136
Glamfume,https://www.douglas.pl/pl/b/glamfume/b5749,b5749
Glamglow,https://www.douglas.pl/pl/b/glamglow/b2122,b2122
Glamour,https://www.douglas.pl/pl/b/glamour/b1284,b1284
Glanzstücke München,https://www.douglas.pl/pl/b/glanzstuecke-muenchen/ba875,ba875
GLISS KUR,https://www.douglas.pl/pl/b/gliss-kur/b3583,b3583
GLOV,https://www.douglas.pl/pl/b/glov/b5085,b5085
Gold24,https://www.douglas.pl/pl/b/gold24/bc889,bc889
Golden Curl,https://www.douglas.pl/pl/b/golden-curl/bb162,bb162
Goldfaden,https://www.douglas.pl/pl/b/goldfaden/bc580,bc580
GOLDFIELD&BANKS,https://www.douglas.pl/pl/b/goldfieldbanks/ba318,ba318
Goldwell,https://www.douglas.pl/pl/b/goldwell/ba564,ba564
Goldwell Kerasilk,https://www.douglas.pl/pl/b/goldwell-kerasilk/ba565,ba565
Goodin,https://www.douglas.pl/pl/b/goodin/b9870,b9870
got2b,https://www.douglas.pl/pl/b/got2b/b6755,b6755
Go-To,https://www.douglas.pl/pl/b/go-to/b7799,b7799
Gravel,https://www.douglas.pl/pl/b/gravel/bc319,bc319
Green Menu,https://www.douglas.pl/pl/b/green-menu/b7523,b7523
Green + The Gent,https://www.douglas.pl/pl/b/green-the-gent/bc446,bc446
Gres,https://www.douglas.pl/pl/b/gres/bc853,bc853
GRN Shades of Nature,https://www.douglas.pl/pl/b/grn-shades-of-nature/ba054,ba054
Grow Gorgeous,https://www.douglas.pl/pl/b/grow-gorgeous/ba726,ba726
Grown Alchemist,https://www.douglas.pl/pl/b/grown-alchemist/b2263,b2263
Gucci,https://www.douglas.pl/pl/b/gucci/b0125,b0125
Guerlain,https://www.douglas.pl/pl/b/guerlain/b0009,b0009
GUESS,https://www.douglas.pl/pl/b/guess/ba175,ba175
Guy Laroche,https://www.douglas.pl/pl/b/guy-laroche/b0011,b0011
Gyada Cosmetics,https://www.douglas.pl/pl/b/gyada-cosmetics/b1103,b1103
Hada Labo Tokyo,https://www.douglas.pl/pl/b/hada-labo-tokyo/b1877,b1877
Hagi Cosmetics,https://www.douglas.pl/pl/b/hagi-cosmetics/bp064,bp064
Hairbe,https://www.douglas.pl/pl/b/hairbe/b2900,b2900
Hair Care Panda,https://www.douglas.pl/pl/b/hair-care-panda/b2798,b2798
Hair Doctor,https://www.douglas.pl/pl/b/hair-doctor/ba569,ba569
Hairlust,https://www.douglas.pl/pl/b/hairlust/b8482,b8482
HAIR RITUEL by Sisley,https://www.douglas.pl/pl/b/hair-rituel-by-sisley/b3128,b3128
Hakuro,https://www.douglas.pl/pl/b/hakuro/b2954,b2954
Halier,https://www.douglas.pl/pl/b/halier/bp067,bp067
Halloween,https://www.douglas.pl/pl/b/halloween/ba895,ba895
Halston,https://www.douglas.pl/pl/b/halston/ba570,ba570
HANADI BEAUTY,https://www.douglas.pl/pl/b/hanadi-beauty/b2017,b2017
Hansaplast,https://www.douglas.pl/pl/b/hansaplast/bc325,bc325
Hans Kniebes,https://www.douglas.pl/pl/b/hans-kniebes/ba571,ba571
Hanz de Fuko,https://www.douglas.pl/pl/b/hanz-de-fuko/ba809,ba809
HaruHaru,https://www.douglas.pl/pl/b/haruharu/bp068,bp068
Hau Cosmetics,https://www.douglas.pl/pl/b/hau-cosmetics/b6075,b6075
HAYARI,https://www.douglas.pl/pl/b/hayari/ba322,ba322
Health Labs Care,https://www.douglas.pl/pl/b/health-labs-care/b9537,b9537
Heela,https://www.douglas.pl/pl/b/heela/b2791,b2791
Heeley Paris,https://www.douglas.pl/pl/b/heeley-paris/ba828,ba828
Heimish,https://www.douglas.pl/pl/b/heimish/ba799,ba799
Hej Organic,https://www.douglas.pl/pl/b/hej-organic/bc677,bc677
hej:pure,https://www.douglas.pl/pl/b/hejpure/b8252,b8252
Helena Rubinstein,https://www.douglas.pl/pl/b/helena-rubinstein/b0021,b0021
Helene Fischer,https://www.douglas.pl/pl/b/helene-fischer/b4550,b4550
Heliotrop,https://www.douglas.pl/pl/b/heliotrop/b5048,b5048
Helloklean,https://www.douglas.pl/pl/b/helloklean/b8972,b8972
Hello Sunday,https://www.douglas.pl/pl/b/hello-sunday/b7051,b7051
Hemp +,https://www.douglas.pl/pl/b/hemp/b2356,b2356
Hemp Care,https://www.douglas.pl/pl/b/hemp-care/bp070,bp070
Herbal Care,https://www.douglas.pl/pl/b/herbal-care/b7641,b7641
HERBLIZ,https://www.douglas.pl/pl/b/herbliz/ba459,ba459
Hercules Sägemann,https://www.douglas.pl/pl/b/hercules-saegemann/ba574,ba574
HERLA,https://www.douglas.pl/pl/b/herla/b1205,b1205
HERMÈS,https://www.douglas.pl/pl/b/hermes/b0076,b0076
Herome Cosmetics,https://www.douglas.pl/pl/b/herome-cosmetics/b3653,b3653
HH Simonsen,https://www.douglas.pl/pl/b/hh-simonsen/bc327,bc327
HHUUMM,https://www.douglas.pl/pl/b/hhuumm/b6322,b6322
Hi Hybrid,https://www.douglas.pl/pl/b/hi-hybrid/b8456,b8456
Hildegard Braukmann,https://www.douglas.pl/pl/b/hildegard-braukmann/b0157,b0157
Himalaya,https://www.douglas.pl/pl/b/himalaya/b9082,b9082
Hiskin,https://www.douglas.pl/pl/b/hiskin/b2589,b2589
Holika Holika,https://www.douglas.pl/pl/b/holika-holika/b3456,b3456
Holistic Silk,https://www.douglas.pl/pl/b/holistic-silk/ba467,ba467
Hollister,https://www.douglas.pl/pl/b/hollister/b5363,b5363
HOLM,https://www.douglas.pl/pl/b/holm/b6256,b6256
Holy Curls,https://www.douglas.pl/pl/b/holy-curls/bf302,bf302
Honest Beauty,https://www.douglas.pl/pl/b/honest-beauty/b5864,b5864
HOT TOOLS,https://www.douglas.pl/pl/b/hot-tools/b2347,b2347
HOUBIGANT,https://www.douglas.pl/pl/b/houbigant/ba326,ba326
Hourglass,https://www.douglas.pl/pl/b/hourglass/b5539,b5539
Hugh Parsons,https://www.douglas.pl/pl/b/hugh-parsons/ba576,ba576
Hugo Boss,https://www.douglas.pl/pl/b/hugo-boss/b0102,b0102
Human+Kind,https://www.douglas.pl/pl/b/humankind/bp072,bp072
Humble Brush,https://www.douglas.pl/pl/b/humble-brush/b8522,b8522
Hydrominum,https://www.douglas.pl/pl/b/hydrominum/b6655,b6655
Ibra,https://www.douglas.pl/pl/b/ibra/b2259,b2259
Iceberg,https://www.douglas.pl/pl/b/iceberg/ba577,ba577
ICE ICE BEAUTY,https://www.douglas.pl/pl/b/ice-ice-beauty/b9186,b9186
IDA WARG Beauty,https://www.douglas.pl/pl/b/ida-warg-beauty/b8786,b8786
Ido Lab,https://www.douglas.pl/pl/b/ido-lab/b3527,b3527
IDUN Minerals,https://www.douglas.pl/pl/b/idun-minerals/bp074,bp074
IKEMIAN,https://www.douglas.pl/pl/b/ikemian/bb180,bb180
ikoo,https://www.douglas.pl/pl/b/ikoo/b2564,b2564
ILK,https://www.douglas.pl/pl/b/ilk/b6641,b6641
Il Salone Milano,https://www.douglas.pl/pl/b/il-salone-milano/bd304,bd304
I’m From,https://www.douglas.pl/pl/b/im-from/ba796,ba796
Indeed Labs,https://www.douglas.pl/pl/b/indeed-labs/bp075,bp075
Indie Lee,https://www.douglas.pl/pl/b/indie-lee/ba746,ba746
Indigo Nails,https://www.douglas.pl/pl/b/indigo-nails/b5322,b5322
Indola,https://www.douglas.pl/pl/b/indola/bd141,bd141
Inglot,https://www.douglas.pl/pl/b/inglot/b4542,b4542
Ingrid Cosmetics,https://www.douglas.pl/pl/b/ingrid-cosmetics/b9696,b9696
Ingrid Millet,https://www.douglas.pl/pl/b/ingrid-millet/ba329,ba329
Innersense,https://www.douglas.pl/pl/b/innersense/bc335,bc335
Institut Esthederm,https://www.douglas.pl/pl/b/institut-esthederm/b2223,b2223
Intelligent Skin Therapy,https://www.douglas.pl/pl/b/intelligent-skin-therapy/b2986,b2986
Intensive Collection,https://www.douglas.pl/pl/b/intensive-collection/bp076,bp076
Inter-vion,https://www.douglas.pl/pl/b/inter-vion/b8321,b8321
Intima,https://www.douglas.pl/pl/b/intima/be334,be334
Invisibobble,https://www.douglas.pl/pl/b/invisibobble/b9893,b9893
Iossi,https://www.douglas.pl/pl/b/iossi/b6628,b6628
I Profumi di d´Annunzio,https://www.douglas.pl/pl/b/i-profumi-di-d-annunzio/ba327,ba327
ipuro,https://www.douglas.pl/pl/b/ipuro/b1171,b1171
Irisch Moos,https://www.douglas.pl/pl/b/irisch-moos/b9938,b9938
Iroha,https://www.douglas.pl/pl/b/iroha/ba066,ba066
Isabel Bernard,https://www.douglas.pl/pl/b/isabel-bernard/ba184,ba184
Isadora,https://www.douglas.pl/pl/b/isadora/b0222,b0222
Isntree,https://www.douglas.pl/pl/b/isntree/ba800,ba800
isoi,https://www.douglas.pl/pl/b/isoi/bb053,bb053
Issey Miyake,https://www.douglas.pl/pl/b/issey-miyake/b0943,b0943
IT Cosmetics,https://www.douglas.pl/pl/b/it-cosmetics/b5606,b5606
It's Skin,https://www.douglas.pl/pl/b/its-skin/b5440,b5440
iUnik,https://www.douglas.pl/pl/b/iunik/ba802,ba802
I WANT YOU NAKED,https://www.douglas.pl/pl/b/i-want-you-naked/b5638,b5638
Jack Black,https://www.douglas.pl/pl/b/jack-black/b5755,b5755
Jack N'Jill,https://www.douglas.pl/pl/b/jack-njill/b4666,b4666
Jacomo,https://www.douglas.pl/pl/b/jacomo/ba579,ba579
Jacques du Manoir,https://www.douglas.pl/pl/b/jacques-du-manoir/bf650,bf650
Jaguar,https://www.douglas.pl/pl/b/jaguar/b8440,b8440
James Bond 007,https://www.douglas.pl/pl/b/james-bond-007/b2123,b2123
James Read,https://www.douglas.pl/pl/b/james-read/b5264,b5264
Janda,https://www.douglas.pl/pl/b/janda/b2224,b2224
Jardin Bohème,https://www.douglas.pl/pl/b/jardin-boheme/b6301,b6301
JARDIN DE FRANCE,https://www.douglas.pl/pl/b/jardin-de-france/ba334,ba334
Jason Wu,https://www.douglas.pl/pl/b/jason-wu/b5357,b5357
Jean Couturier,https://www.douglas.pl/pl/b/jean-couturier/bc339,bc339
Jean&Len,https://www.douglas.pl/pl/b/jeanlen/b7713,b7713
Jean Louis,https://www.douglas.pl/pl/b/jean-louis/b6535,b6535
Jean-Louis Scherrer,https://www.douglas.pl/pl/b/jean-louis-scherrer/ba336,ba336
Jeanne Piaubert,https://www.douglas.pl/pl/b/jeanne-piaubert/b9951,b9951
Jean Patou,https://www.douglas.pl/pl/b/jean-patou/b0532,b0532
Jean Paul Gaultier,https://www.douglas.pl/pl/b/jean-paul-gaultier/b0942,b0942
Jeffree Star,https://www.douglas.pl/pl/b/jeffree-star/b5895,b5895
Jesus del Pozo,https://www.douglas.pl/pl/b/jesus-del-pozo/ba897,ba897
Jette,https://www.douglas.pl/pl/b/jette/b9931,b9931
Jil Sander,https://www.douglas.pl/pl/b/jil-sander/b0105,b0105
Jimmy Choo,https://www.douglas.pl/pl/b/jimmy-choo/b1733,b1733
Joanna Czech,https://www.douglas.pl/pl/b/joanna-czech/bf763,bf763
John Frieda,https://www.douglas.pl/pl/b/john-frieda/b0559,b0559
John Masters Organics,https://www.douglas.pl/pl/b/john-masters-organics/ba471,ba471
John Paul Pet,https://www.douglas.pl/pl/b/john-paul-pet/b6669,b6669
Johnson's Baby,https://www.douglas.pl/pl/b/johnsons-baby/bc757,bc757
John Varvatos,https://www.douglas.pl/pl/b/john-varvatos/b7021,b7021
Joico,https://www.douglas.pl/pl/b/joico/ba585,ba585
Joko,https://www.douglas.pl/pl/b/joko/b1833,b1833
Jo Malone London,https://www.douglas.pl/pl/b/jo-malone-london/b1016,b1016
JOOP!,https://www.douglas.pl/pl/b/joop/b0111,b0111
Joop! Jeans,https://www.douglas.pl/pl/b/joop-jeans/bb971,bb971
JorgObé Skin Care,https://www.douglas.pl/pl/b/jorgobe-skin-care/b5265,b5265
Jovan,https://www.douglas.pl/pl/b/jovan/b3486,b3486
Juice to Cleanse,https://www.douglas.pl/pl/b/juice-to-cleanse/bd586,bd586
Juicy Couture,https://www.douglas.pl/pl/b/juicy-couture/b1224,b1224
Juliette Has a Gun,https://www.douglas.pl/pl/b/juliette-has-a-gun/b1238,b1238
J.U.S,https://www.douglas.pl/pl/b/jus/b7789,b7789
Just Cavalli,https://www.douglas.pl/pl/b/just-cavalli/bf057,bf057
Justice Haircare,https://www.douglas.pl/pl/b/justice-haircare/b3679,b3679
Juvena,https://www.douglas.pl/pl/b/juvena/b0024,b0024
K18,https://www.douglas.pl/pl/b/k18/b1081,b1081
Kabos,https://www.douglas.pl/pl/b/kabos/b2198,b2198
Kai Beauty Care,https://www.douglas.pl/pl/b/kai-beauty-care/ba586,ba586
Kajal Perfumes Paris,https://www.douglas.pl/pl/b/kajal-perfumes-paris/b5535,b5535
Kaminomoto,https://www.douglas.pl/pl/b/kaminomoto/b0322,b0322
Kann,https://www.douglas.pl/pl/b/kann/bp080,bp080
Kanu Nature,https://www.douglas.pl/pl/b/kanu-nature/bp010,bp010
Karl Lagerfeld,https://www.douglas.pl/pl/b/karl-lagerfeld/b1177,b1177
KARO KAUER,https://www.douglas.pl/pl/b/karo-kauer/b9079,b9079
Kat Burki,https://www.douglas.pl/pl/b/kat-burki/b7417,b7417
Kayo Body Care,https://www.douglas.pl/pl/b/kayo-body-care/b2099,b2099
Keiko Mecheri,https://www.douglas.pl/pl/b/keiko-mecheri/ba340,ba340
KENZO,https://www.douglas.pl/pl/b/kenzo/b0137,b0137
KERASILK,https://www.douglas.pl/pl/b/kerasilk/b2040,b2040
Kérastase,https://www.douglas.pl/pl/b/kerastase/b0145,b0145
Kerasys,https://www.douglas.pl/pl/b/kerasys/bp081,bp081
Kerzon,https://www.douglas.pl/pl/b/kerzon/b1767,b1767
KEVIN MURPHY,https://www.douglas.pl/pl/b/kevin-murphy/b33223,b33223
Kevyn Aucoin,https://www.douglas.pl/pl/b/kevyn-aucoin/b5848,b5848
Khloé Kardashian,https://www.douglas.pl/pl/b/khloe-kardashian/b9195,b9195
Kiehl`s,https://www.douglas.pl/pl/b/kiehls/b1072,b1072
Kilian,https://www.douglas.pl/pl/b/kilian/b5427,b5427
KillyS,https://www.douglas.pl/pl/b/killys/b8312,b8312
KimChi Chic Beauty,https://www.douglas.pl/pl/b/kimchi-chic-beauty/b1227,b1227
Kire Skin,https://www.douglas.pl/pl/b/kire-skin/b2248,b2248
Kjaer Weis,https://www.douglas.pl/pl/b/kjaer-weis/ba477,ba477
Klapp,https://www.douglas.pl/pl/b/klapp/bf325,bf325
KMS,https://www.douglas.pl/pl/b/kms/ba590,ba590
Kneipp,https://www.douglas.pl/pl/b/kneipp/b0390,b0390
Knize,https://www.douglas.pl/pl/b/knize/ba341,ba341
KOH,https://www.douglas.pl/pl/b/koh/ba591,ba591
Konjac Sponge,https://www.douglas.pl/pl/b/konjac-sponge/ba075,ba075
Konnìaku,https://www.douglas.pl/pl/b/konniaku/b5790,b5790
KORA Organics,https://www.douglas.pl/pl/b/kora-organics/b5680,b5680
KORRES,https://www.douglas.pl/pl/b/korres/b0672,b0672
Kosette,https://www.douglas.pl/pl/b/kosette/b6594,b6594
KRAYNA,https://www.douglas.pl/pl/b/krayna/b6676,b6676
Kure Bazaar,https://www.douglas.pl/pl/b/kure-bazaar/ba479,ba479
KUZZOI,https://www.douglas.pl/pl/b/kuzzoi/ba427,ba427
KYLIE COSMETICS,https://www.douglas.pl/pl/b/kylie-cosmetics/b5792,b5792
Kylie Fragrances,https://www.douglas.pl/pl/b/kylie-fragrances/b8829,b8829
KYLIE SKIN,https://www.douglas.pl/pl/b/kylie-skin/b6330,b6330
Laboratory Perfumes,https://www.douglas.pl/pl/b/laboratory-perfumes/b6137,b6137
Laboteq,https://www.douglas.pl/pl/b/laboteq/b6549,b6549
L:A BRUKET,https://www.douglas.pl/pl/b/la-bruket/b5126,b5126
LAB SQUEEZED,https://www.douglas.pl/pl/b/lab-squeezed/bc438,bc438
La Cabine,https://www.douglas.pl/pl/b/la-cabine/bc918,bc918
Lacalut,https://www.douglas.pl/pl/b/lacalut/bb332,bb332
Lacoste,https://www.douglas.pl/pl/b/lacoste/b0201,b0201
Lactacyd,https://www.douglas.pl/pl/b/lactacyd/bc981,bc981
Lador,https://www.douglas.pl/pl/b/lador/b6823,b6823
Lady Suite,https://www.douglas.pl/pl/b/lady-suite/b6354,b6354
LAJA,https://www.douglas.pl/pl/b/laja/bf737,bf737
Lalique,https://www.douglas.pl/pl/b/lalique/b9590,b9590
La mania,https://www.douglas.pl/pl/b/la-mania/b3367,b3367
Lamazuna,https://www.douglas.pl/pl/b/lamazuna/ba080,ba080
Lamel,https://www.douglas.pl/pl/b/lamel/b2552,b2552
La Mer,https://www.douglas.pl/pl/b/la-mer/b0899,b0899
Lancaster,https://www.douglas.pl/pl/b/lancaster/b0109,b0109
Lancer,https://www.douglas.pl/pl/b/lancer/b6496,b6496
Lancôme,https://www.douglas.pl/pl/b/lancome/b0114,b0114
Lanvin,https://www.douglas.pl/pl/b/lanvin/b0975,b0975
La Prairie,https://www.douglas.pl/pl/b/la-prairie/b5500,b5500
Larry King Haircare,https://www.douglas.pl/pl/b/larry-king-haircare/b3365,b3365
LASH BROW,https://www.douglas.pl/pl/b/lash-brow/b7242,b7242
Lashcode,https://www.douglas.pl/pl/b/lashcode/b6865,b6865
Lashfood,https://www.douglas.pl/pl/b/lashfood/b6215,b6215
Lash Me Up!,https://www.douglas.pl/pl/b/lash-me-up/b9641,b9641
Lässig,https://www.douglas.pl/pl/b/laessig/b2232,b2232
La Sultane de Saba,https://www.douglas.pl/pl/b/la-sultane-de-saba/b9245,b9245
Lattafa,https://www.douglas.pl/pl/b/lattafa/b8909,b8909
Laura Biagiotti,https://www.douglas.pl/pl/b/laura-biagiotti/b0101,b0101
Laura Mercier,https://www.douglas.pl/pl/b/laura-mercier/b1748,b1748
LaVashka,https://www.douglas.pl/pl/b/lavashka/b2330,b2330
lavera,https://www.douglas.pl/pl/b/lavera/b1610,b1610
Lazartigue,https://www.douglas.pl/pl/b/lazartigue/b6768,b6768
L'biotica,https://www.douglas.pl/pl/b/lbiotica/b8237,b8237
Le Brate,https://www.douglas.pl/pl/b/le-brate/b4571,b4571
le coq sportif,https://www.douglas.pl/pl/b/le-coq-sportif/b9031,b9031
Le Couvent Maison De Parfum,https://www.douglas.pl/pl/b/le-couvent-maison-de-parfum/b4298,b4298
Ledibelle,https://www.douglas.pl/pl/b/ledibelle/b5716,b5716
Lee Stafford,https://www.douglas.pl/pl/b/lee-stafford/b9925,b9925
Legology,https://www.douglas.pl/pl/b/legology/ba483,ba483
LELO,https://www.douglas.pl/pl/b/lelo/b9346,b9346
Le Mélange,https://www.douglas.pl/pl/b/le-melange/b6319,b6319
Lengling Munich,https://www.douglas.pl/pl/b/lengling-munich/b9110,b9110
Leonard,https://www.douglas.pl/pl/b/leonard/ba597,ba597
Leonor Greyl,https://www.douglas.pl/pl/b/leonor-greyl/ba484,ba484
Le Petit Marseillais,https://www.douglas.pl/pl/b/le-petit-marseillais/b3156,b3156
Le Prius,https://www.douglas.pl/pl/b/le-prius/b1624,b1624
L'erbolario,https://www.douglas.pl/pl/b/lerbolario/b6600,b6600
LERNBERGER STAFSING,https://www.douglas.pl/pl/b/lernberger-stafsing/b4868,b4868
Le Rouge Francais,https://www.douglas.pl/pl/b/le-rouge-francais/b0511,b0511
Les Destinations,https://www.douglas.pl/pl/b/les-destinations/bf349,bf349
Les Filles en Rouje,https://www.douglas.pl/pl/b/les-filles-en-rouje/bf304,bf304
Lethal Cosmetics,https://www.douglas.pl/pl/b/lethal-cosmetics/b6510,b6510
Lierac,https://www.douglas.pl/pl/b/lierac/b7503,b7503
like. by Villeroy & Boch,https://www.douglas.pl/pl/b/like-by-villeroy-boch/be080,be080
Lilliputiens,https://www.douglas.pl/pl/b/lilliputiens/b7531,b7531
Lilly Lashes,https://www.douglas.pl/pl/b/lilly-lashes/b5701,b5701
Lime Crime,https://www.douglas.pl/pl/b/lime-crime/b5641,b5641
Linaé,https://www.douglas.pl/pl/b/linae/b1319,b1319
LINARI,https://www.douglas.pl/pl/b/linari/ba814,ba814
Linea MammaBaby,https://www.douglas.pl/pl/b/linea-mammababy/b2240,b2240
Lippy Pals,https://www.douglas.pl/pl/b/lippy-pals/b3388,b3388
Lip Smacker,https://www.douglas.pl/pl/b/lip-smacker/bp088,bp088
Lipstick Queen,https://www.douglas.pl/pl/b/lipstick-queen/b3523,b3523
Liqpharm,https://www.douglas.pl/pl/b/liqpharm/bp087,bp087
Liquides Imaginaires,https://www.douglas.pl/pl/b/liquides-imaginaires/b5752,b5752
Lirene,https://www.douglas.pl/pl/b/lirene/bp089,bp089
Listerine,https://www.douglas.pl/pl/b/listerine/bb398,bb398
Little Butterfly London,https://www.douglas.pl/pl/b/little-butterfly-london/b4248,b4248
Liu Jo,https://www.douglas.pl/pl/b/liu-jo/ba193,ba193
Liu Jo,https://www.douglas.pl/pl/b/liu-jo/b4853,b4853
Living Proof,https://www.douglas.pl/pl/b/living-proof/ba598,ba598
Lixirskin,https://www.douglas.pl/pl/b/lixirskin/b6258,b6258
L’Occitane,https://www.douglas.pl/pl/b/loccitane/b4539,b4539
Logona,https://www.douglas.pl/pl/b/logona/b5049,b5049
Londa Professional,https://www.douglas.pl/pl/b/londa-professional/ba599,ba599
London Labs,https://www.douglas.pl/pl/b/london-labs/bf463,bf463
LondonTown,https://www.douglas.pl/pl/b/londontown/b8647,b8647
London Town,https://www.douglas.pl/pl/b/london-town/b4769,b4769
Long 4 Lashes,https://www.douglas.pl/pl/b/long-4-lashes/bp091,bp091
LONI BAUR,https://www.douglas.pl/pl/b/loni-baur/bf611,bf611
Lookdore,https://www.douglas.pl/pl/b/lookdore/b7280,b7280
Lorac,https://www.douglas.pl/pl/b/lorac/b0626,b0626
Lord & Berry,https://www.douglas.pl/pl/b/lord-berry/ba600,ba600
L´Oréal Men Expert,https://www.douglas.pl/pl/b/l-oreal-men-expert/b4220,b4220
L’Oréal Paris,https://www.douglas.pl/pl/b/loreal-paris/b0422,b0422
L´Oréal Professionnel Paris,https://www.douglas.pl/pl/b/l-oreal-professionnel-paris/b0209,b0209
LORENZO VILLORESI,https://www.douglas.pl/pl/b/lorenzo-villoresi/ba350,ba350
Lottie London,https://www.douglas.pl/pl/b/lottie-london/b7007,b7007
L.O.V,https://www.douglas.pl/pl/b/lov/b5384,b5384
Love Moschino,https://www.douglas.pl/pl/b/love-moschino/ba195,ba195
Lulu & Jane,https://www.douglas.pl/pl/b/lulu-jane/bf043,bf043
Lumene,https://www.douglas.pl/pl/b/lumene/b5855,b5855
Luna Bronze,https://www.douglas.pl/pl/b/luna-bronze/ba488,ba488
Lunar Glow,https://www.douglas.pl/pl/b/lunar-glow/b6208,b6208
Luvia,https://www.douglas.pl/pl/b/luvia/b5449,b5449
Lux Botanicals,https://www.douglas.pl/pl/b/lux-botanicals/b7251,b7251
Luxliss,https://www.douglas.pl/pl/b/luxliss/bp092,bp092
LYDENTI ELEMENTS,https://www.douglas.pl/pl/b/lydenti-elements/b4745,b4745
M2 Beauté,https://www.douglas.pl/pl/b/m2-beaute/b0653,b0653
Mabou,https://www.douglas.pl/pl/b/mabou/bf306,bf306
MAC,https://www.douglas.pl/pl/b/mac/b0642,b0642
Macadamia,https://www.douglas.pl/pl/b/macadamia/b9842,b9842
Madara,https://www.douglas.pl/pl/b/madara/ba087,ba087
MAGICSTRIPES,https://www.douglas.pl/pl/b/magicstripes/b9876,b9876
Maison Francis Kurkdjian Paris,https://www.douglas.pl/pl/b/maison-francis-kurkdjian-paris/b1705,b1705
Maison Louis Marie,https://www.douglas.pl/pl/b/maison-louis-marie/bf766,bf766
Maison Margiela,https://www.douglas.pl/pl/b/maison-margiela/b0953,b0953
Maison Matine,https://www.douglas.pl/pl/b/maison-matine/be314,be314
Maison Micallef,https://www.douglas.pl/pl/b/maison-micallef/b3861,b3861
Make P:rem,https://www.douglas.pl/pl/b/make-prem/bc958,bc958
MakeUp Eraser,https://www.douglas.pl/pl/b/makeup-eraser/b5479,b5479
Make up Factory,https://www.douglas.pl/pl/b/make-up-factory/bp093,bp093
Make-up Studio,https://www.douglas.pl/pl/b/make-up-studio/b3040,b3040
MALBRUM,https://www.douglas.pl/pl/b/malbrum/b5566,b5566
Mandarina Duck,https://www.douglas.pl/pl/b/mandarina-duck/ba955,ba955
Manic Panic,https://www.douglas.pl/pl/b/manic-panic/b2368,b2368
Männerglanz,https://www.douglas.pl/pl/b/maennerglanz/ba883,ba883
MANTLE,https://www.douglas.pl/pl/b/mantle/bf813,bf813
manucurist,https://www.douglas.pl/pl/b/manucurist/b2039,b2039
Manufaktura Natura,https://www.douglas.pl/pl/b/manufaktura-natura/b2256,b2256
Marbert,https://www.douglas.pl/pl/b/marbert/b1531,b1531
Marc Jacobs,https://www.douglas.pl/pl/b/marc-jacobs/b0927,b0927
Margaret Dabbs,https://www.douglas.pl/pl/b/margaret-dabbs/ba489,ba489
Maria Nila,https://www.douglas.pl/pl/b/maria-nila/b2660,b2660
Mario Badescu,https://www.douglas.pl/pl/b/mario-badescu/b5537,b5537
Mark Buxton Perfumes,https://www.douglas.pl/pl/b/mark-buxton-perfumes/b6266,b6266
Marlies Möller,https://www.douglas.pl/pl/b/marlies-moeller/b0194,b0194
MARVELOUS,https://www.douglas.pl/pl/b/marvelous/b6122,b6122
Marvis,https://www.douglas.pl/pl/b/marvis/b1567,b1567
Mash,https://www.douglas.pl/pl/b/mash/b3883,b3883
Masmi,https://www.douglas.pl/pl/b/masmi/b4961,b4961
Matis,https://www.douglas.pl/pl/b/matis/bp095,bp095
Matrix,https://www.douglas.pl/pl/b/matrix/ba603,ba603
Mats Meier,https://www.douglas.pl/pl/b/mats-meier/ba196,ba196
Mauboussin,https://www.douglas.pl/pl/b/mauboussin/bc358,bc358
Maui Moisture,https://www.douglas.pl/pl/b/maui-moisture/b6245,b6245
Mavala,https://www.douglas.pl/pl/b/mavala/b0217,b0217
Mavior Beauty,https://www.douglas.pl/pl/b/mavior-beauty/b5705,b5705
Max Benjamin,https://www.douglas.pl/pl/b/max-benjamin/b2230,b2230
Max Factor,https://www.douglas.pl/pl/b/max-factor/b1427,b1427
Max Pro,https://www.douglas.pl/pl/b/max-pro/ba604,ba604
Maybelline,https://www.douglas.pl/pl/b/maybelline/b3500,b3500
MBR Medical Beauty Research,https://www.douglas.pl/pl/b/mbr-medical-beauty-research/b0534,b0534
MCM,https://www.douglas.pl/pl/b/mcm/b3087,b3087
MDO Simon Ourian MD,https://www.douglas.pl/pl/b/mdo-simon-ourian-md/b0955,b0955
Me All About Me,https://www.douglas.pl/pl/b/me-all-about-me/b4239,b4239
Medicube,https://www.douglas.pl/pl/b/medicube/bf791,bf791
Mediheal,https://www.douglas.pl/pl/b/mediheal/bp098,bp098
MEDIVON,https://www.douglas.pl/pl/b/medivon/b9213,b9213
Meisani,https://www.douglas.pl/pl/b/meisani/be919,be919
Melle,https://www.douglas.pl/pl/b/melle/b9820,b9820
Mel Skin,https://www.douglas.pl/pl/b/mel-skin/b2172,b2172
melumé,https://www.douglas.pl/pl/b/melume/bf491,bf491
Memoize London,https://www.douglas.pl/pl/b/memoize-london/b6377,b6377
Memo Paris,https://www.douglas.pl/pl/b/memo-paris/b3698,b3698
MENROCK,https://www.douglas.pl/pl/b/menrock/b3333,b3333
MERCEDES-BENZ PARFUMS,https://www.douglas.pl/pl/b/mercedes-benz-parfums/b2342,b2342
Mermade Hair,https://www.douglas.pl/pl/b/mermade-hair/b1502,b1502
MERME Berlin,https://www.douglas.pl/pl/b/merme-berlin/bc875,bc875
Mesauda Beauty,https://www.douglas.pl/pl/b/mesauda-beauty/b6364,b6364
Mexx,https://www.douglas.pl/pl/b/mexx/b0645,b0645
Mia Calnea,https://www.douglas.pl/pl/b/mia-calnea/bp173,bp173
Michael Kors,https://www.douglas.pl/pl/b/michael-kors/b2312,b2312
Michael Van Clarke,https://www.douglas.pl/pl/b/michael-van-clarke/ba491,ba491
Micmacbags,https://www.douglas.pl/pl/b/micmacbags/ba419,ba419
Microcell,https://www.douglas.pl/pl/b/microcell/b0345,b0345
Miild,https://www.douglas.pl/pl/b/miild/b6423,b6423
Milani,https://www.douglas.pl/pl/b/milani/b6174,b6174
MILA PROFESSIONAL,https://www.douglas.pl/pl/b/mila-professional/b9303,b9303
Milk Make-up,https://www.douglas.pl/pl/b/milk-make-up/b3825,b3825
Millefiori Milano,https://www.douglas.pl/pl/b/millefiori-milano/bp101,bp101
Miller Harris,https://www.douglas.pl/pl/b/miller-harris/b3838,b3838
MIMITIKA,https://www.douglas.pl/pl/b/mimitika/b5891,b5891
Mincer,https://www.douglas.pl/pl/b/mincer/b7432,b7432
Mineralium,https://www.douglas.pl/pl/b/mineralium/b2170,b2170
Mint by Dr. Mintcheva,https://www.douglas.pl/pl/b/mint-by-dr-mintcheva/b6554,b6554
Miomojo,https://www.douglas.pl/pl/b/miomojo/bp102,bp102
Miqura,https://www.douglas.pl/pl/b/miqura/bc361,bc361
Miracle Island,https://www.douglas.pl/pl/b/miracle-island/b0134,b0134
Miraculum,https://www.douglas.pl/pl/b/miraculum/b1830,b1830
Missha,https://www.douglas.pl/pl/b/missha/b3994,b3994
Miss Kay,https://www.douglas.pl/pl/b/miss-kay/b2236,b2236
Missoni,https://www.douglas.pl/pl/b/missoni/b4721,b4721
Miss Sophie's,https://www.douglas.pl/pl/b/miss-sophies/bc362,bc362
Miu Miu,https://www.douglas.pl/pl/b/miu-miu/b5061,b5061
Mixa,https://www.douglas.pl/pl/b/mixa/b6444,b6444
mixsoon,https://www.douglas.pl/pl/b/mixsoon/bf635,bf635
Miya Cosmetics,https://www.douglas.pl/pl/b/miya-cosmetics/b2233,b2233
MIYO,https://www.douglas.pl/pl/b/miyo/b9632,b9632
Mizensir,https://www.douglas.pl/pl/b/mizensir/b4325,b4325
Mizon,https://www.douglas.pl/pl/b/mizon/b5254,b5254
MKS ECO,https://www.douglas.pl/pl/b/mks-eco/b3278,b3278
M.Micallef,https://www.douglas.pl/pl/b/mmicallef/ba351,ba351
MOHI Hair Care,https://www.douglas.pl/pl/b/mohi-hair-care/bc363,bc363
Moira,https://www.douglas.pl/pl/b/moira/b9345,b9345
Mokosh,https://www.douglas.pl/pl/b/mokosh/bp103,bp103
Molinard,https://www.douglas.pl/pl/b/molinard/b3997,b3997
Molton Brown,https://www.douglas.pl/pl/b/molton-brown/b0312,b0312
Momme,https://www.douglas.pl/pl/b/momme/b8021,b8021
MONCLER,https://www.douglas.pl/pl/b/moncler/b2557,b2557
Monika Blunder,https://www.douglas.pl/pl/b/monika-blunder/bf307,bf307
Monolit,https://www.douglas.pl/pl/b/monolit/b2178,b2178
Monotheme,https://www.douglas.pl/pl/b/monotheme/b0430,b0430
Montana,https://www.douglas.pl/pl/b/montana/ba361,ba361
Montblanc,https://www.douglas.pl/pl/b/montblanc/b0049,b0049
MONTIBELLO,https://www.douglas.pl/pl/b/montibello/b6239,b6239
More4Care,https://www.douglas.pl/pl/b/more4care/b2679,b2679
Moresque,https://www.douglas.pl/pl/b/moresque/b5361,b5361
MORGAN TAYLOR,https://www.douglas.pl/pl/b/morgan-taylor/b6276,b6276
Morphe,https://www.douglas.pl/pl/b/morphe/b6333,b6333
Moschino,https://www.douglas.pl/pl/b/moschino/b0871,b0871
MOSSA,https://www.douglas.pl/pl/b/mossa/b1044,b1044
Moti Co.,https://www.douglas.pl/pl/b/moti-co/b2164,b2164
Mrs. Potter's,https://www.douglas.pl/pl/b/mrs-potters/b2255,b2255
MUA Makeup Academy,https://www.douglas.pl/pl/b/mua-makeup-academy/bp105,bp105
MUDII,https://www.douglas.pl/pl/b/mudii/b8754,b8754
MUGLER,https://www.douglas.pl/pl/b/mugler/b0166,b0166
Mühle,https://www.douglas.pl/pl/b/muehle/ba249,ba249
Mukti Organics,https://www.douglas.pl/pl/b/mukti-organics/b6492,b6492
MURAD,https://www.douglas.pl/pl/b/murad/b4500,b4500
Murdock London,https://www.douglas.pl/pl/b/murdock-london/ba835,ba835
Musgo Real,https://www.douglas.pl/pl/b/musgo-real/b3454,b3454
MYBESTPHARM,https://www.douglas.pl/pl/b/mybestpharm/b3741,b3741
MyClarins,https://www.douglas.pl/pl/b/myclarins/b0666,b0666
MyDentity,https://www.douglas.pl/pl/b/mydentity/bp107,bp107
Mydlarnia 4 Szpaki,https://www.douglas.pl/pl/b/mydlarnia-4-szpaki/b6349,b6349
MYLAQ,https://www.douglas.pl/pl/b/mylaq/b2046,b2046
Mys,https://www.douglas.pl/pl/b/mys/b2761,b2761
MyVita,https://www.douglas.pl/pl/b/myvita/b8222,b8222
My White Secret,https://www.douglas.pl/pl/b/my-white-secret/b6291,b6291
Nacific,https://www.douglas.pl/pl/b/nacific/b2406,b2406
N.A.E.,https://www.douglas.pl/pl/b/nae/b6759,b6759
Naif,https://www.douglas.pl/pl/b/naif/b3517,b3517
Nailberry,https://www.douglas.pl/pl/b/nailberry/ba613,ba613
Nailmatic,https://www.douglas.pl/pl/b/nailmatic/b5189,b5189
NAILTIME,https://www.douglas.pl/pl/b/nailtime/b3882,b3882
NAM,https://www.douglas.pl/pl/b/nam/b9256,b9256
NANOBROW,https://www.douglas.pl/pl/b/nanobrow/bp418,bp418
Nanoil,https://www.douglas.pl/pl/b/nanoil/b6902,b6902
Nanolash,https://www.douglas.pl/pl/b/nanolash/b6901,b6901
Naobay,https://www.douglas.pl/pl/b/naobay/bc465,bc465
Naomi Campbell,https://www.douglas.pl/pl/b/naomi-campbell/ba614,ba614
Naomi Jon,https://www.douglas.pl/pl/b/naomi-jon/bf069,bf069
Narciso Rodriguez,https://www.douglas.pl/pl/b/narciso-rodriguez/b2250,b2250
NARCYSS,https://www.douglas.pl/pl/b/narcyss/bf173,bf173
Natucain,https://www.douglas.pl/pl/b/natucain/bd385,bd385
Naturativ,https://www.douglas.pl/pl/b/naturativ/bp108,bp108
Nature Box,https://www.douglas.pl/pl/b/nature-box/b6762,b6762
Nature`s Spirit,https://www.douglas.pl/pl/b/natures-spirit/b1038,b1038
Nazan Schnapp,https://www.douglas.pl/pl/b/nazan-schnapp/b6153,b6153
N.C.P. Olfactives,https://www.douglas.pl/pl/b/ncp-olfactives/b6448,b6448
neemen,https://www.douglas.pl/pl/b/neemen/b6296,b6296
Nenalina,https://www.douglas.pl/pl/b/nenalina/ba426,ba426
NEO Make Up,https://www.douglas.pl/pl/b/neo-make-up/b5671,b5671
NEONAIL,https://www.douglas.pl/pl/b/neonail/b5190,b5190
NEOVI,https://www.douglas.pl/pl/b/neovi/bc368,bc368
NEQI,https://www.douglas.pl/pl/b/neqi/b6260,b6260
Nesti Dante Firenze,https://www.douglas.pl/pl/b/nesti-dante-firenze/bc369,bc369
Neutrea,https://www.douglas.pl/pl/b/neutrea/bb164,bb164
Neutrogena,https://www.douglas.pl/pl/b/neutrogena/bc844,bc844
NEW LAYER,https://www.douglas.pl/pl/b/new-layer/bc593,bc593
NIANCE,https://www.douglas.pl/pl/b/niance/bd400,bd400
Nightology,https://www.douglas.pl/pl/b/nightology/b2462,b2462
Nikos,https://www.douglas.pl/pl/b/nikos/b0112,b0112
Nina Guy,https://www.douglas.pl/pl/b/nina-guy/b8760,b8760
Nina Ricci,https://www.douglas.pl/pl/b/nina-ricci/b0546,b0546
Nioxin,https://www.douglas.pl/pl/b/nioxin/bb145,bb145
Nip + Fab,https://www.douglas.pl/pl/b/nip-fab/b5614,b5614
NISHANE,https://www.douglas.pl/pl/b/nishane/be050,be050
NIVEA,https://www.douglas.pl/pl/b/nivea/ba617,ba617
Nivelazione,https://www.douglas.pl/pl/b/nivelazione/b6395,b6395
Noah,https://www.douglas.pl/pl/b/noah/b7239,b7239
NOBILE 1942,https://www.douglas.pl/pl/b/nobile-1942/bb107,bb107
Nocibé,https://www.douglas.pl/pl/b/nocibe/b7071,b7071
NOEME,https://www.douglas.pl/pl/b/noeme/b2776,b2776
Nonchalance,https://www.douglas.pl/pl/b/nonchalance/ba618,ba618
NovaClear,https://www.douglas.pl/pl/b/novaclear/b3898,b3898
Noxi nano,https://www.douglas.pl/pl/b/noxi-nano/b0818,b0818
Nude by Nature,https://www.douglas.pl/pl/b/nude-by-nature/b5031,b5031
Nudestix,https://www.douglas.pl/pl/b/nudestix/b9841,b9841
Nuggela & Sule,https://www.douglas.pl/pl/b/nuggela-sule/b1827,b1827
Nui Cosmetics,https://www.douglas.pl/pl/b/nui-cosmetics/b6443,b6443
Numbuzin,https://www.douglas.pl/pl/b/numbuzin/bf636,bf636
NUXE,https://www.douglas.pl/pl/b/nuxe/ba619,ba619
NYX Professional Makeup,https://www.douglas.pl/pl/b/nyx-professional-makeup/b1664,b1664
o.b.,https://www.douglas.pl/pl/b/ob/b4420,b4420
OCLEAN,https://www.douglas.pl/pl/b/oclean/b0941,b0941
Officina Del Mugello,https://www.douglas.pl/pl/b/officina-del-mugello/b2161,b2161
OFF WHITE,https://www.douglas.pl/pl/b/off-white/b9735,b9735
Ofra Cosmetics,https://www.douglas.pl/pl/b/ofra-cosmetics/bp112,bp112
Ogaenics,https://www.douglas.pl/pl/b/ogaenics/b2109,b2109
Ogx,https://www.douglas.pl/pl/b/ogx/b1037,b1037
Oh! Tomi,https://www.douglas.pl/pl/b/oh-tomi/bp113,bp113
Olaplex,https://www.douglas.pl/pl/b/olaplex/b5157,b5157
OLFACTIVE STUDIO,https://www.douglas.pl/pl/b/olfactive-studio/ba366,ba366
Olivanna,https://www.douglas.pl/pl/b/olivanna/b3095,b3095
Oliveda,https://www.douglas.pl/pl/b/oliveda/b4943,b4943
Olivia Garden,https://www.douglas.pl/pl/b/olivia-garden/bc868,bc868
Olivia Plum,https://www.douglas.pl/pl/b/olivia-plum/b5223,b5223
Olympic,https://www.douglas.pl/pl/b/olympic/bf651,bf651
Omorovicza,https://www.douglas.pl/pl/b/omorovicza/ba500,ba500
Ondo Beauty 36.5,https://www.douglas.pl/pl/b/ondo-beauty-365/bd844,bd844
one.two.free!,https://www.douglas.pl/pl/b/onetwofree/b6210,b6210
OnlyBio,https://www.douglas.pl/pl/b/onlybio/b2297,b2297
OPI,https://www.douglas.pl/pl/b/opi/b1146,b1146
Opulent lenses,https://www.douglas.pl/pl/b/opulent-lenses/b7480,b7480
OQUIST,https://www.douglas.pl/pl/b/oquist/b9376,b9376
Organic & Botanic,https://www.douglas.pl/pl/b/organic-botanic/ba099,ba099
Organii,https://www.douglas.pl/pl/b/organii/b1998,b1998
Organique,https://www.douglas.pl/pl/b/organique/bp116,bp116
Orientana,https://www.douglas.pl/pl/b/orientana/bp117,bp117
O´Right,https://www.douglas.pl/pl/b/o-right/b5051,b5051
Original Mineral,https://www.douglas.pl/pl/b/original-mineral/b9271,b9271
Origins,https://www.douglas.pl/pl/b/origins/b0181,b0181
Orjena,https://www.douglas.pl/pl/b/orjena/b1655,b1655
ORLOV Paris,https://www.douglas.pl/pl/b/orlov-paris/ba367,ba367
ORLY,https://www.douglas.pl/pl/b/orly/b5480,b5480
Orphica,https://www.douglas.pl/pl/b/orphica/bp119,bp119
Oscar De La Renta,https://www.douglas.pl/pl/b/oscar-de-la-renta/b3234,b3234
Oster Professional,https://www.douglas.pl/pl/b/oster-professional/bf604,bf604
Otto Kern,https://www.douglas.pl/pl/b/otto-kern/b0508,b0508
Ouai,https://www.douglas.pl/pl/b/ouai/ba686,ba686
OZN,https://www.douglas.pl/pl/b/ozn/b2498,b2498
Pacifica,https://www.douglas.pl/pl/b/pacifica/b2580,b2580
Paese,https://www.douglas.pl/pl/b/paese/bd222,bd222
Paglieri 1876,https://www.douglas.pl/pl/b/paglieri-1876/ba888,ba888
Pai Skincare,https://www.douglas.pl/pl/b/pai-skincare/bf640,bf640
Palmaria Mallorca,https://www.douglas.pl/pl/b/palmaria-mallorca/bc738,bc738
Palmers,https://www.douglas.pl/pl/b/palmers/b2235,b2235
Paloma Picasso,https://www.douglas.pl/pl/b/paloma-picasso/b0012,b0012
Pana Dora Sweden,https://www.douglas.pl/pl/b/pana-dora-sweden/b7975,b7975
Panasonic,https://www.douglas.pl/pl/b/panasonic/bb146,bb146
Parlux,https://www.douglas.pl/pl/b/parlux/bc833,bc833
Parte Di Me,https://www.douglas.pl/pl/b/parte-di-me/ba204,ba204
Pasta Del Capitano 1905,https://www.douglas.pl/pl/b/pasta-del-capitano-1905/b8843,b8843
Patchology,https://www.douglas.pl/pl/b/patchology/b5630,b5630
Pat McGrath Labs,https://www.douglas.pl/pl/b/pat-mcgrath-labs/b2346,b2346
Paul Mitchell,https://www.douglas.pl/pl/b/paul-mitchell/bc377,bc377
Pax Moly,https://www.douglas.pl/pl/b/pax-moly/b2433,b2433
Payot,https://www.douglas.pl/pl/b/payot/b0050,b0050
P D Paola,https://www.douglas.pl/pl/b/p-d-paola/ba203,ba203
Pedi Couture,https://www.douglas.pl/pl/b/pedi-couture/b6294,b6294
Pepe Jeans,https://www.douglas.pl/pl/b/pepe-jeans/b6114,b6114
Percy Nobleman,https://www.douglas.pl/pl/b/percy-nobleman/b2586,b2586
Perfecta,https://www.douglas.pl/pl/b/perfecta/bp182,bp182
Perricone MD,https://www.douglas.pl/pl/b/perricone-md/b5164,b5164
Perris Monte Carlo,https://www.douglas.pl/pl/b/perris-monte-carlo/ba373,ba373
Perris Skin Fitness,https://www.douglas.pl/pl/b/perris-skin-fitness/bc378,bc378
Pestle & Mortar,https://www.douglas.pl/pl/b/pestle-mortar/b6432,b6432
Peter Thomas Roth,https://www.douglas.pl/pl/b/peter-thomas-roth/ba501,ba501
Petitfee,https://www.douglas.pl/pl/b/petitfee/ba805,ba805
Pharma Care,https://www.douglas.pl/pl/b/pharma-care/b4856,b4856
Phenomé,https://www.douglas.pl/pl/b/phenome/bp120,bp120
Philip B.,https://www.douglas.pl/pl/b/philip-b/b3815,b3815
Philip Kingsley,https://www.douglas.pl/pl/b/philip-kingsley/ba502,ba502
PHILIPP PLEIN,https://www.douglas.pl/pl/b/philipp-plein/b6367,b6367
Philips,https://www.douglas.pl/pl/b/philips/b0271,b0271
Philly & Phill,https://www.douglas.pl/pl/b/philly-phill/bf427,bf427
Physicians Formula,https://www.douglas.pl/pl/b/physicians-formula/b5262,b5262
Phyto,https://www.douglas.pl/pl/b/phyto/bc904,bc904
Pierre René,https://www.douglas.pl/pl/b/pierre-rene/b6422,b6422
Pig and Hen,https://www.douglas.pl/pl/b/pig-and-hen/ba208,ba208
Pilaten,https://www.douglas.pl/pl/b/pilaten/bp121,bp121
Pillow Talk,https://www.douglas.pl/pl/b/pillow-talk/b0435,b0435
Pinky Goat,https://www.douglas.pl/pl/b/pinky-goat/b5667,b5667
Pino Silvestre,https://www.douglas.pl/pl/b/pino-silvestre/b3089,b3089
Pin up Secret,https://www.douglas.pl/pl/b/pin-up-secret/b6340,b6340
Pixi,https://www.douglas.pl/pl/b/pixi/b5146,b5146
Playboy,https://www.douglas.pl/pl/b/playboy/ba622,ba622
Play+Go,https://www.douglas.pl/pl/b/playgo/b0406,b0406
Plisson,https://www.douglas.pl/pl/b/plisson/bc597,bc597
pmd,https://www.douglas.pl/pl/b/pmd/b7570,b7570
PoBeau,https://www.douglas.pl/pl/b/pobeau/bc482,bc482
Podoshop,https://www.douglas.pl/pl/b/podoshop/b6341,b6341
Polaar,https://www.douglas.pl/pl/b/polaar/b2820,b2820
Polemika,https://www.douglas.pl/pl/b/polemika/b9743,b9743
Police,https://www.douglas.pl/pl/b/police/b3363,b3363
Popband London,https://www.douglas.pl/pl/b/popband-london/b5838,b5838
Porsche Design,https://www.douglas.pl/pl/b/porsche-design/b1397,b1397
POSHYOU,https://www.douglas.pl/pl/b/poshyou/b2799,b2799
Prada,https://www.douglas.pl/pl/b/prada/b0692,b0692
PreHeels,https://www.douglas.pl/pl/b/preheels/b0005,b0005
Primavera,https://www.douglas.pl/pl/b/primavera/ba104,ba104
PRINCESSE LILI,https://www.douglas.pl/pl/b/princesse-lili/bb006,bb006
Profusion,https://www.douglas.pl/pl/b/profusion/b567,b567
PRORASO,https://www.douglas.pl/pl/b/proraso/ba382,ba382
Pro Sport,https://www.douglas.pl/pl/b/pro-sport/bd611,bd611
Protefix,https://www.douglas.pl/pl/b/protefix/bc678,bc678
PUPA Milano,https://www.douglas.pl/pl/b/pupa-milano/b3391,b3391
Pura Vida BIO,https://www.douglas.pl/pl/b/pura-vida-bio/b2020,b2020
puremetics,https://www.douglas.pl/pl/b/puremetics/bc384,bc384
Pure White Cosmetics,https://www.douglas.pl/pl/b/pure-white-cosmetics/b6777,b6777
PURITO,https://www.douglas.pl/pl/b/purito/ba795,ba795
Pyunkang Yul,https://www.douglas.pl/pl/b/pyunkang-yul/ba798,ba798
Q+A,https://www.douglas.pl/pl/b/qa/b3204,b3204
Qiriness,https://www.douglas.pl/pl/b/qiriness/bp124,bp124
Qliin,https://www.douglas.pl/pl/b/qliin/b3084,b3084
QMS Medicosmetics,https://www.douglas.pl/pl/b/qms-medicosmetics/b3917,b3917
Quut,https://www.douglas.pl/pl/b/quut/b3334,b3334
Qyo Qyo,https://www.douglas.pl/pl/b/qyo-qyo/bc425,bc425
RAAW Alchemy,https://www.douglas.pl/pl/b/raaw-alchemy/bf815,bf815
Raaw By Trice,https://www.douglas.pl/pl/b/raaw-by-trice/ba506,ba506
Rabanne,https://www.douglas.pl/pl/b/rabanne/b0059,b0059
Radical,https://www.douglas.pl/pl/b/radical/b6317,b6317
Rafaela Donata,https://www.douglas.pl/pl/b/rafaela-donata/ba877,ba877
rahua,https://www.douglas.pl/pl/b/rahua/bc721,bc721
Ralph Lauren,https://www.douglas.pl/pl/b/ralph-lauren/b0013,b0013
Rancé,https://www.douglas.pl/pl/b/rance/b3415,b3415
Rare Paris,https://www.douglas.pl/pl/b/rare-paris/b1290,b1290
Rated Green,https://www.douglas.pl/pl/b/rated-green/bc622,bc622
RAVEME,https://www.douglas.pl/pl/b/raveme/b4459,b4459
RAZZO,https://www.douglas.pl/pl/b/razzo/b0827,b0827
Real Techniques,https://www.douglas.pl/pl/b/real-techniques/b8340,b8340
Recipe for men,https://www.douglas.pl/pl/b/recipe-for-men/bb038,bb038
RedBlocker,https://www.douglas.pl/pl/b/redblocker/b0027,b0027
Red Cherry,https://www.douglas.pl/pl/b/red-cherry/b5837,b5837
Redken,https://www.douglas.pl/pl/b/redken/b0202,b0202
Reduit,https://www.douglas.pl/pl/b/reduit/b4445,b4445
RefectoCil,https://www.douglas.pl/pl/b/refectocil/ba624,ba624
Regincós,https://www.douglas.pl/pl/b/regincos/bf506,bf506
Remington,https://www.douglas.pl/pl/b/remington/b0100,b0100
Ren Clean Skincare,https://www.douglas.pl/pl/b/ren-clean-skincare/b3612,b3612
René Furterer,https://www.douglas.pl/pl/b/rene-furterer/ba625,ba625
Rephase,https://www.douglas.pl/pl/b/rephase/be105,be105
Replay,https://www.douglas.pl/pl/b/replay/ba222,ba222
Republika Jewelry,https://www.douglas.pl/pl/b/republika-jewelry/b5153,b5153
Resibo,https://www.douglas.pl/pl/b/resibo/bp127,bp127
Reuzel,https://www.douglas.pl/pl/b/reuzel/ba626,ba626
Revitalash,https://www.douglas.pl/pl/b/revitalash/b2003,b2003
RevitaSun,https://www.douglas.pl/pl/b/revitasun/b9879,b9879
Revlon,https://www.douglas.pl/pl/b/revlon/b3207,b3207
Revlon Professional,https://www.douglas.pl/pl/b/revlon-professional/b0363,b0363
REVOLUTION,https://www.douglas.pl/pl/b/revolution/b6727,b6727
Revolution Hair,https://www.douglas.pl/pl/b/revolution-hair/b5057,b5057
Revolution Skincare,https://www.douglas.pl/pl/b/revolution-skincare/b6491,b6491
REVOX B77,https://www.douglas.pl/pl/b/revox-b77/b6410,b6410
Rexaline,https://www.douglas.pl/pl/b/rexaline/b2271,b2271
Rexona,https://www.douglas.pl/pl/b/rexona/bd217,bd217
Rexona,https://www.douglas.pl/pl/b/rexona/b4925,b4925
Rhodenwald & Söhne,https://www.douglas.pl/pl/b/rhodenwald-soehne/ba861,ba861
Rimmel London,https://www.douglas.pl/pl/b/rimmel-london/ba628,ba628
Rituals,https://www.douglas.pl/pl/b/rituals/b1779,b1779
Riviera Maison,https://www.douglas.pl/pl/b/riviera-maison/bd577,bd577
Rivoli,https://www.douglas.pl/pl/b/rivoli/ba685,ba685
RM Sale,https://www.douglas.pl/pl/b/rm-sale/bf222,bf222
Roberto Cavalli,https://www.douglas.pl/pl/b/roberto-cavalli/b0304,b0304
Rochas,https://www.douglas.pl/pl/b/rochas/b3045,b3045
Rodial,https://www.douglas.pl/pl/b/rodial/b8600,b8600
Romantic,https://www.douglas.pl/pl/b/romantic/b6721,b6721
ROMP,https://www.douglas.pl/pl/b/romp/bf104,bf104
Ronney,https://www.douglas.pl/pl/b/ronney/b5434,b5434
Roos & Roos,https://www.douglas.pl/pl/b/roos-roos/b5754,b5754
Rosendo Mateu,https://www.douglas.pl/pl/b/rosendo-mateu/b5524,b5524
Rosense,https://www.douglas.pl/pl/b/rosense/b5260,b5260
Rosental Organics,https://www.douglas.pl/pl/b/rosental-organics/b5764,b5764
Rosinii,https://www.douglas.pl/pl/b/rosinii/b6605,b6605
Rouge Bunny Rouge,https://www.douglas.pl/pl/b/rouge-bunny-rouge/bp185,bp185
Round Lab,https://www.douglas.pl/pl/b/round-lab/bf342,bf342
Rude Cosmetics,https://www.douglas.pl/pl/b/rude-cosmetics/b8521,b8521
Sachajuan,https://www.douglas.pl/pl/b/sachajuan/ba507,ba507
Sally Hansen,https://www.douglas.pl/pl/b/sally-hansen/b6370,b6370
Salvatore Ferragamo,https://www.douglas.pl/pl/b/salvatore-ferragamo/b0790,b0790
Samapura,https://www.douglas.pl/pl/b/samapura/bf383,bf383
Sampure Minerals,https://www.douglas.pl/pl/b/sampure-minerals/b0284,b0284
Sana Jardin Paris,https://www.douglas.pl/pl/b/sana-jardin-paris/ba660,ba660
Sanctuary Spa,https://www.douglas.pl/pl/b/sanctuary-spa/bp106,bp106
Sand & Sky,https://www.douglas.pl/pl/b/sand-sky/b5711,b5711
Sans Soucis,https://www.douglas.pl/pl/b/sans-soucis/b9984,b9984
Santaverde,https://www.douglas.pl/pl/b/santaverde/b2300,b2300
Sante,https://www.douglas.pl/pl/b/sante/b5050,b5050
Sarah Chapman,https://www.douglas.pl/pl/b/sarah-chapman/ba508,ba508
Saryna Key,https://www.douglas.pl/pl/b/saryna-key/bp129,bp129
Sassoon Professional,https://www.douglas.pl/pl/b/sassoon-professional/bc387,bc387
Say hi,https://www.douglas.pl/pl/b/say-hi/b6809,b6809
Say Makeup,https://www.douglas.pl/pl/b/say-makeup/b2176,b2176
SBT,https://www.douglas.pl/pl/b/sbt/b0176,b0176
Scandinavian Biolabs,https://www.douglas.pl/pl/b/scandinavian-biolabs/bf210,bf210
Scents Of Arabia,https://www.douglas.pl/pl/b/scents-of-arabia/b2675,b2675
Scholl,https://www.douglas.pl/pl/b/scholl/ba631,ba631
Schwarzkopf & Henkel,https://www.douglas.pl/pl/b/schwarzkopf-henkel/bd114,bd114
Schwarzkopf Professional,https://www.douglas.pl/pl/b/schwarzkopf-professional/b3798,b3798
Scotch & Soda,https://www.douglas.pl/pl/b/scotch-soda/b5911,b5911
Sebastian,https://www.douglas.pl/pl/b/sebastian/ba633,ba633
SEB MAN,https://www.douglas.pl/pl/b/seb-man/bp130,bp130
Seboradin,https://www.douglas.pl/pl/b/seboradin/b2196,b2196
Seiko,https://www.douglas.pl/pl/b/seiko/ba223,ba223
Semilac,https://www.douglas.pl/pl/b/semilac/bd377,bd377
Semilac,https://www.douglas.pl/pl/b/semilac/b7273,b7273
Sem Lewis,https://www.douglas.pl/pl/b/sem-lewis/ba225,ba225
sen7,https://www.douglas.pl/pl/b/sen7/ba635,ba635
Sendo,https://www.douglas.pl/pl/b/sendo/b2225,b2225
SENSAI,https://www.douglas.pl/pl/b/sensai/b5700,b5700
Sensum Mare,https://www.douglas.pl/pl/b/sensum-mare/b3897,b3897
Serge Lutens,https://www.douglas.pl/pl/b/serge-lutens/b2157,b2157
Sesderma,https://www.douglas.pl/pl/b/sesderma/bc813,bc813
Sesshin,https://www.douglas.pl/pl/b/sesshin/b1828,b1828
SeventyOne Percent,https://www.douglas.pl/pl/b/seventyone-percent/ba711,ba711
sexy hair,https://www.douglas.pl/pl/b/sexy-hair/b4882,b4882
SG79STHLM,https://www.douglas.pl/pl/b/sg79sthlm/b6846,b6846
Shangpree,https://www.douglas.pl/pl/b/shangpree/bp002,bp002
ShapeLux,https://www.douglas.pl/pl/b/shapelux/bd610,bd610
SheCare,https://www.douglas.pl/pl/b/shecare/b8305,b8305
SHIR BEAUTY,https://www.douglas.pl/pl/b/shir-beauty/b8279,b8279
Shiseido,https://www.douglas.pl/pl/b/shiseido/b0033,b0033
SHOWPONY,https://www.douglas.pl/pl/b/showpony/b6275,b6275
Shu Uemura,https://www.douglas.pl/pl/b/shu-uemura/b2349,b2349
Shuyao,https://www.douglas.pl/pl/b/shuyao/b6263,b6263
Shyne,https://www.douglas.pl/pl/b/shyne/b4916,b4916
Silcare,https://www.douglas.pl/pl/b/silcare/b6321,b6321
Silke London,https://www.douglas.pl/pl/b/silke-london/b1418,b1418
Silk'n,https://www.douglas.pl/pl/b/silkn/b1966,b1966
SIMONE ANDREOLI,https://www.douglas.pl/pl/b/simone-andreoli/ba389,ba389
Simply More,https://www.douglas.pl/pl/b/simply-more/b8290,b8290
Sio Beauty,https://www.douglas.pl/pl/b/sio-beauty/ba510,ba510
Sisley,https://www.douglas.pl/pl/b/sisley/b0415,b0415
SISTERS AROMA,https://www.douglas.pl/pl/b/sisters-aroma/b9304,b9304
SISTER YOUNG,https://www.douglas.pl/pl/b/sister-young/b6788,b6788
SKIN1004,https://www.douglas.pl/pl/b/skin1004/be905,be905
skin689,https://www.douglas.pl/pl/b/skin689/bd903,bd903
Skin79,https://www.douglas.pl/pl/b/skin79/bp133,bp133
Skin And Tonic London,https://www.douglas.pl/pl/b/skin-and-tonic-london/b1291,b1291
SKINARTÉ,https://www.douglas.pl/pl/b/skinarte/b3745,b3745
Skincyclopedia,https://www.douglas.pl/pl/b/skincyclopedia/b8903,b8903
SkinDivision,https://www.douglas.pl/pl/b/skindivision/b6772,b6772
SKINFOOD,https://www.douglas.pl/pl/b/skinfood/b4331,b4331
Skinnies,https://www.douglas.pl/pl/b/skinnies/b6401,b6401
Skin Stories,https://www.douglas.pl/pl/b/skin-stories/bc393,bc393
Slip,https://www.douglas.pl/pl/b/slip/ba739,ba739
Smashbox,https://www.douglas.pl/pl/b/smashbox/b1908,b1908
Smile Makers,https://www.douglas.pl/pl/b/smile-makers/b6150,b6150
SOAP FOR GLOBE,https://www.douglas.pl/pl/b/soap-for-globe/b9809,b9809
Sober,https://www.douglas.pl/pl/b/sober/ba840,ba840
SO'Bio,https://www.douglas.pl/pl/b/sobio/bp134,bp134
SO'BiO étic,https://www.douglas.pl/pl/b/sobio-etic/b6859,b6859
SoEco,https://www.douglas.pl/pl/b/soeco/b3671,b3671
So!Flow,https://www.douglas.pl/pl/b/soflow/b2568,b2568
So fluffy,https://www.douglas.pl/pl/b/so-fluffy/b5171,b5171
SOHO,https://www.douglas.pl/pl/b/soho/bc884,bc884
Sol de Janeiro,https://www.douglas.pl/pl/b/sol-de-janeiro/b5423,b5423
Soleil Toujours,https://www.douglas.pl/pl/b/soleil-toujours/b6166,b6166
Sóley Organics,https://www.douglas.pl/pl/b/soley-organics/bd904,bd904
SOLFINE,https://www.douglas.pl/pl/b/solfine/b7693,b7693
Solida,https://www.douglas.pl/pl/b/solida/be106,be106
s.Oliver,https://www.douglas.pl/pl/b/soliver/b0203,b0203
SOME BY MI,https://www.douglas.pl/pl/b/some-by-mi/b6835,b6835
Soraya,https://www.douglas.pl/pl/b/soraya/bc995,bc995
Sparitual,https://www.douglas.pl/pl/b/sparitual/b8074,b8074
Spears & Walker,https://www.douglas.pl/pl/b/spears-walker/ba867,ba867
Speick Naturkosmetik,https://www.douglas.pl/pl/b/speick-naturkosmetik/ba125,ba125
Spilanthox,https://www.douglas.pl/pl/b/spilanthox/bc395,bc395
Spongelle,https://www.douglas.pl/pl/b/spongelle/bp137,bp137
Spongellé,https://www.douglas.pl/pl/b/spongelle/b5437,b5437
SPPC Paris Bleu Parfums,https://www.douglas.pl/pl/b/sppc-paris-bleu-parfums/b4244,b4244
Stagecolor,https://www.douglas.pl/pl/b/stagecolor/b4068,b4068
Stara Mydlarnia,https://www.douglas.pl/pl/b/stara-mydlarnia/bp138,bp138
Starck,https://www.douglas.pl/pl/b/starck/ba898,ba898
STARSKIN ®,https://www.douglas.pl/pl/b/starskin/b9833,b9833
STENDERS,https://www.douglas.pl/pl/b/stenders/b2194,b2194
stila,https://www.douglas.pl/pl/b/stila/b7250,b7250
St. Moriz,https://www.douglas.pl/pl/b/st-moriz/bc935,bc935
StriVectin,https://www.douglas.pl/pl/b/strivectin/b1115,b1115
St.Tropez,https://www.douglas.pl/pl/b/sttropez/b2184,b2184
Styledry,https://www.douglas.pl/pl/b/styledry/b5774,b5774
SUBRINA,https://www.douglas.pl/pl/b/subrina/b2976,b2976
Sunewmed+,https://www.douglas.pl/pl/b/sunewmed/b2254,b2254
Suntique,https://www.douglas.pl/pl/b/suntique/bc627,bc627
Super Facialist,https://www.douglas.pl/pl/b/super-facialist/b2540,b2540
Surgic Touch,https://www.douglas.pl/pl/b/surgic-touch/b2165,b2165
SURI FREY,https://www.douglas.pl/pl/b/suri-frey/ba978,ba978
Surratt Beauty,https://www.douglas.pl/pl/b/surratt-beauty/ba512,ba512
SVR,https://www.douglas.pl/pl/b/svr/b2195,b2195
Swati,https://www.douglas.pl/pl/b/swati/b6489,b6489
Sweed,https://www.douglas.pl/pl/b/sweed/ba394,ba394
SWISS ARABIAN,https://www.douglas.pl/pl/b/swiss-arabian/b7002,b7002
Swissdent,https://www.douglas.pl/pl/b/swissdent/ba643,ba643
Swiss Smile,https://www.douglas.pl/pl/b/swiss-smile/ba642,ba642
Swype Cosmetics,https://www.douglas.pl/pl/b/swype-cosmetics/b8859,b8859
Sylveco,https://www.douglas.pl/pl/b/sylveco/b2303,b2303
syoss,https://www.douglas.pl/pl/b/syoss/b3592,b3592
System Professional Lipid Code,https://www.douglas.pl/pl/b/system-professional-lipid-code/bc472,bc472
T3,https://www.douglas.pl/pl/b/t3/b5651,b5651
Tabac,https://www.douglas.pl/pl/b/tabac/b0173,b0173
taft,https://www.douglas.pl/pl/b/taft/bh583,bh583
Talbot Runhof,https://www.douglas.pl/pl/b/talbot-runhof/bf354,bf354
Tamaris,https://www.douglas.pl/pl/b/tamaris/ba979,ba979
Tana,https://www.douglas.pl/pl/b/tana/b0315,b0315
Tangent GC,https://www.douglas.pl/pl/b/tangent-gc/b2755,b2755
Tangle Teezer,https://www.douglas.pl/pl/b/tangle-teezer/b2264,b2264
Tan Organic,https://www.douglas.pl/pl/b/tan-organic/bp141,bp141
Tata Harper,https://www.douglas.pl/pl/b/tata-harper/ba513,ba513
Tautropfen,https://www.douglas.pl/pl/b/tautropfen/ba133,ba133
Taylor of Old Bond Street,https://www.douglas.pl/pl/b/taylor-of-old-bond-street/ba813,ba813
TBC,https://www.douglas.pl/pl/b/tbc/bc886,bc886
Teaology,https://www.douglas.pl/pl/b/teaology/b5134,b5134
Technique Pro,https://www.douglas.pl/pl/b/technique-pro/bc887,bc887
TEN,https://www.douglas.pl/pl/b/ten/b3329,b3329
Termix,https://www.douglas.pl/pl/b/termix/bd380,bd380
Terranova,https://www.douglas.pl/pl/b/terranova/b2253,b2253
Thank you Farmer,https://www.douglas.pl/pl/b/thank-you-farmer/bp142,bp142
THAYERS,https://www.douglas.pl/pl/b/thayers/b1836,b1836
theBalm,https://www.douglas.pl/pl/b/thebalm/b3170,b3170
The Browery,https://www.douglas.pl/pl/b/the-browery/b3000,b3000
The Browgal,https://www.douglas.pl/pl/b/the-browgal/bc399,bc399
The Cheeky Panda,https://www.douglas.pl/pl/b/the-cheeky-panda/b2294,b2294
The Clippendales,https://www.douglas.pl/pl/b/the-clippendales/bf317,bf317
THE FOX TAN,https://www.douglas.pl/pl/b/the-fox-tan/bf328,bf328
The Great British Grooming Co.,https://www.douglas.pl/pl/b/the-great-british-grooming-co/bc400,bc400
THE GROOMED MAN CO,https://www.douglas.pl/pl/b/the-groomed-man-co/bd016,bd016
The Hair Boss,https://www.douglas.pl/pl/b/the-hair-boss/b5631,b5631
The Handmade Soap,https://www.douglas.pl/pl/b/the-handmade-soap/bb161,bb161
THE HOUSE OF OUD,https://www.douglas.pl/pl/b/the-house-of-oud/ba396,ba396
The Humble Co.,https://www.douglas.pl/pl/b/the-humble-co/ba646,ba646
The Humble CO.,https://www.douglas.pl/pl/b/the-humble-co/b6053,b6053
THE MERCHANT OF VENICE,https://www.douglas.pl/pl/b/the-merchant-of-venice/ba397,ba397
The Ordinary,https://www.douglas.pl/pl/b/the-ordinary/b5494,b5494
Theorie,https://www.douglas.pl/pl/b/theorie/b1717,b1717
The original beautyblender,https://www.douglas.pl/pl/b/the-original-beautyblender/b9875,b9875
The Perfect V,https://www.douglas.pl/pl/b/the-perfect-v/b5540,b5540
The SAEM,https://www.douglas.pl/pl/b/the-saem/bp143,bp143
The Shea House,https://www.douglas.pl/pl/b/the-shea-house/b4462,b4462
The SIGN Tribe,https://www.douglas.pl/pl/b/the-sign-tribe/b6455,b6455
The Skin House,https://www.douglas.pl/pl/b/the-skin-house/b3958,b3958
THE UNTAMED,https://www.douglas.pl/pl/b/the-untamed/b8309,b8309
This Works,https://www.douglas.pl/pl/b/this-works/b4250,b4250
Tiffany & Co.,https://www.douglas.pl/pl/b/tiffany-co/b5436,b5436
tigha,https://www.douglas.pl/pl/b/tigha/bb075,bb075
TIGI,https://www.douglas.pl/pl/b/tigi/b0158,b0158
Timotei,https://www.douglas.pl/pl/b/timotei/bc791,bc791
TIRTIR,https://www.douglas.pl/pl/b/tirtir/bf634,bf634
Tiziana Terenzi,https://www.douglas.pl/pl/b/tiziana-terenzi/b4070,b4070
T-LAB PROFESSIONAL,https://www.douglas.pl/pl/b/t-lab-professional/b3001,b3001
T. LeClerc,https://www.douglas.pl/pl/b/t-leclerc/ba644,ba644
TOCOBO,https://www.douglas.pl/pl/b/tocobo/bf343,bf343
Tom Daxon,https://www.douglas.pl/pl/b/tom-daxon/b5174,b5174
TOM FORD,https://www.douglas.pl/pl/b/tom-ford/b1161,b1161
Tommy Hilfiger,https://www.douglas.pl/pl/b/tommy-hilfiger/b9960,b9960
Tondeo,https://www.douglas.pl/pl/b/tondeo/ba648,ba648
Toni Gard,https://www.douglas.pl/pl/b/toni-gard/b2310,b2310
Tonino Lamborghini,https://www.douglas.pl/pl/b/tonino-lamborghini/b7224,b7224
Too cool for school,https://www.douglas.pl/pl/b/too-cool-for-school/b5276,b5276
Top Choice,https://www.douglas.pl/pl/b/top-choice/b2128,b2128
Torriden,https://www.douglas.pl/pl/b/torriden/be906,be906
Tosca,https://www.douglas.pl/pl/b/tosca/b9939,b9939
Tołpa,https://www.douglas.pl/pl/b/tolpa/bp144,bp144
Tołpa Black from Nature,https://www.douglas.pl/pl/b/tolpa-black-from-nature/bp145,bp145
Treaclemoon,https://www.douglas.pl/pl/b/treaclemoon/b2569,b2569
Tree Hut,https://www.douglas.pl/pl/b/tree-hut/b2205,b2205
Trico Botanica,https://www.douglas.pl/pl/b/trico-botanica/b6963,b6963
Trilani,https://www.douglas.pl/pl/b/trilani/ba872,ba872
Trilogy,https://www.douglas.pl/pl/b/trilogy/b4330,b4330
True Botanicals,https://www.douglas.pl/pl/b/true-botanicals/b7771,b7771
TRUE MEN SKIN CARE,https://www.douglas.pl/pl/b/true-men-skin-care/b9385,b9385
True Rebels,https://www.douglas.pl/pl/b/true-rebels/ba874,ba874
Trussardi,https://www.douglas.pl/pl/b/trussardi/b0900,b0900
Trust My Sister,https://www.douglas.pl/pl/b/trust-my-sister/bd839,bd839
TULA,https://www.douglas.pl/pl/b/tula/b9003,b9003
Turtle Story,https://www.douglas.pl/pl/b/turtle-story/b6462,b6462
Tutti Frutti,https://www.douglas.pl/pl/b/tutti-frutti/b9805,b9805
Tweezerman,https://www.douglas.pl/pl/b/tweezerman/b0737,b0737
TYPEBEA,https://www.douglas.pl/pl/b/typebea/b9187,b9187
U BEAUTY,https://www.douglas.pl/pl/b/u-beauty/b2493,b2493
UDDO,https://www.douglas.pl/pl/b/uddo/b2177,b2177
UKVIAT,https://www.douglas.pl/pl/b/ukviat/bd713,bd713
ULIKE,https://www.douglas.pl/pl/b/ulike/bf748,bf748
Und Gretel,https://www.douglas.pl/pl/b/und-gretel/ba138,ba138
UNIQ,https://www.douglas.pl/pl/b/uniq/bc888,bc888
Unit4Men,https://www.douglas.pl/pl/b/unit4men/bp147,bp147
Unleashia,https://www.douglas.pl/pl/b/unleashia/bf601,bf601
Unwash,https://www.douglas.pl/pl/b/unwash/b2162,b2162
Uoga Uoga,https://www.douglas.pl/pl/b/uoga-uoga/b6175,b6175
UPPERCUT DELUXE,https://www.douglas.pl/pl/b/uppercut-deluxe/bb042,bb042
URANG,https://www.douglas.pl/pl/b/urang/ba892,ba892
Urban Apothecary,https://www.douglas.pl/pl/b/urban-apothecary/b7400,b7400
Uteki,https://www.douglas.pl/pl/b/uteki/b0595,b0595
Uzdrovisco,https://www.douglas.pl/pl/b/uzdrovisco/b3178,b3178
Valentino,https://www.douglas.pl/pl/b/valentino/b1855,b1855
Valentino by Mario Valentino,https://www.douglas.pl/pl/b/valentino-by-mario-valentino/ba665,ba665
Valera,https://www.douglas.pl/pl/b/valera/ba652,ba652
Valero Pearls,https://www.douglas.pl/pl/b/valero-pearls/ba876,ba876
VALJUES,https://www.douglas.pl/pl/b/valjues/b8882,b8882
Van Cleef & Arpels,https://www.douglas.pl/pl/b/van-cleef-arpels/b0088,b0088
VARIS,https://www.douglas.pl/pl/b/varis/bf213,bf213
V CANTO,https://www.douglas.pl/pl/b/v-canto/ba403,ba403
Veet,https://www.douglas.pl/pl/b/veet/ba653,ba653
Velecta Paris,https://www.douglas.pl/pl/b/velecta-paris/b6272,b6272
Vellutier,https://www.douglas.pl/pl/b/vellutier/b9624,b9624
VELVETVELO,https://www.douglas.pl/pl/b/velvetvelo/b8675,b8675
Venezia 1920,https://www.douglas.pl/pl/b/venezia-1920/b6267,b6267
Venn,https://www.douglas.pl/pl/b/venn/bf318,bf318
Veoli Botanica,https://www.douglas.pl/pl/b/veoli-botanica/bp003,bp003
Versace,https://www.douglas.pl/pl/b/versace/b0129,b0129
Vertu,https://www.douglas.pl/pl/b/vertu/b2357,b2357
Vianek,https://www.douglas.pl/pl/b/vianek/b0808,b0808
Victorinox,https://www.douglas.pl/pl/b/victorinox/ba989,ba989
Viktor&Rolf,https://www.douglas.pl/pl/b/viktorrolf/b0502,b0502
Vilhelm Parfumerie,https://www.douglas.pl/pl/b/vilhelm-parfumerie/bc410,bc410
viliv,https://www.douglas.pl/pl/b/viliv/b3988,b3988
Village,https://www.douglas.pl/pl/b/village/b9950,b9950
Villeroy & Boch,https://www.douglas.pl/pl/b/villeroy-boch/be043,be043
Violet Hamden,https://www.douglas.pl/pl/b/violet-hamden/ba239,ba239
Vis Plantis,https://www.douglas.pl/pl/b/vis-plantis/b5758,b5758
Vitadiet,https://www.douglas.pl/pl/b/vitadiet/b2244,b2244
Vitae CBD,https://www.douglas.pl/pl/b/vitae-cbd/b9122,b9122
Vita Liberata,https://www.douglas.pl/pl/b/vita-liberata/b5079,b5079
Vittorio Bellucci,https://www.douglas.pl/pl/b/vittorio-bellucci/b8899,b8899
Vivian Gray,https://www.douglas.pl/pl/b/vivian-gray/bp149,bp149
Vollare Cosmetics,https://www.douglas.pl/pl/b/vollare-cosmetics/b6331,b6331
VOLUSPA,https://www.douglas.pl/pl/b/voluspa/bb002,bb002
Von Norten,https://www.douglas.pl/pl/b/von-norten/b1923,b1923
Votary,https://www.douglas.pl/pl/b/votary/b6435,b6435
W7,https://www.douglas.pl/pl/b/w7/ba411,ba411
Waipuna,https://www.douglas.pl/pl/b/waipuna/bd871,bd871
Wakeup Cosmetics,https://www.douglas.pl/pl/b/wakeup-cosmetics/b6802,b6802
Waltz 7,https://www.douglas.pl/pl/b/waltz-7/ba655,ba655
Way To Beauty,https://www.douglas.pl/pl/b/way-to-beauty/b3020,b3020
WBco,https://www.douglas.pl/pl/b/wbco/b2343,b2343
WEDO,https://www.douglas.pl/pl/b/wedo/b2222,b2222
Weleda,https://www.douglas.pl/pl/b/weleda/b0660,b0660
Wella,https://www.douglas.pl/pl/b/wella/ba656,ba656
Wellness,https://www.douglas.pl/pl/b/wellness/bp150,bp150
WE LOVE CANDLES,https://www.douglas.pl/pl/b/we-love-candles/b2745,b2745
We love the planet,https://www.douglas.pl/pl/b/we-love-the-planet/ba145,ba145
Wet Brush,https://www.douglas.pl/pl/b/wet-brush/ba657,ba657
wet n wild,https://www.douglas.pl/pl/b/wet-n-wild/b3990,b3990
We-Vibe,https://www.douglas.pl/pl/b/we-vibe/bd589,bd589
WHAMISA,https://www.douglas.pl/pl/b/whamisa/ba890,ba890
WICK,https://www.douglas.pl/pl/b/wick/bb292,bb292
Wilgermain,https://www.douglas.pl/pl/b/wilgermain/be051,be051
Womanizer,https://www.douglas.pl/pl/b/womanizer/ba522,ba522
Women'Secret,https://www.douglas.pl/pl/b/womensecret/b3710,b3710
WOMO,https://www.douglas.pl/pl/b/womo/bf517,bf517
WoodWick,https://www.douglas.pl/pl/b/woodwick/bp151,bp151
Woody's,https://www.douglas.pl/pl/b/woodys/bb144,bb144
Worth,https://www.douglas.pl/pl/b/worth/bc475,bc475
Wunder2,https://www.douglas.pl/pl/b/wunder2/b5421,b5421
XCellarisPRO,https://www.douglas.pl/pl/b/xcellarispro/b6531,b6531
XYcos,https://www.douglas.pl/pl/b/xycos/b2395,b2395
YADAH,https://www.douglas.pl/pl/b/yadah/b5542,b5542
YANKEE CANDLE,https://www.douglas.pl/pl/b/yankee-candle/bp152,bp152
Yappco,https://www.douglas.pl/pl/b/yappco/b1920,b1920
Yokoamii,https://www.douglas.pl/pl/b/yokoamii/bf089,bf089
YONELLE,https://www.douglas.pl/pl/b/yonelle/bp153,bp153
Yope,https://www.douglas.pl/pl/b/yope/bb166,bb166
Yoskine,https://www.douglas.pl/pl/b/yoskine/bp154,bp154
YOUR KAYA,https://www.douglas.pl/pl/b/your-kaya/b2402,b2402
youstar,https://www.douglas.pl/pl/b/youstar/b5960,b5960
YÙ BEAUTY,https://www.douglas.pl/pl/b/yu-beauty/bc499,bc499
Yumi,https://www.douglas.pl/pl/b/yumi/b9021,b9021
Yves de Sistelle,https://www.douglas.pl/pl/b/yves-de-sistelle/b4245,b4245
Yves Saint Laurent,https://www.douglas.pl/pl/b/yves-saint-laurent/b0611,b0611
YVRA,https://www.douglas.pl/pl/b/yvra/b5534,b5534
Zadig&Voltaire,https://www.douglas.pl/pl/b/zadigvoltaire/b5353,b5353
Zalo,https://www.douglas.pl/pl/b/zalo/b7083,b7083
ZAO,https://www.douglas.pl/pl/b/zao/b5181,b5181
Zarko Beauty,https://www.douglas.pl/pl/b/zarko-beauty/bf320,bf320
Zarkoperfume,https://www.douglas.pl/pl/b/zarkoperfume/b2421,b2421
Zealots of Nature,https://www.douglas.pl/pl/b/zealots-of-nature/b5620,b5620
ZeroMoleCole,https://www.douglas.pl/pl/b/zeromolecole/bc476,bc476
Zew for men,https://www.douglas.pl/pl/b/zew-for-men/ba111,ba111
Zielone Laboratorium,https://www.douglas.pl/pl/b/zielone-laboratorium/b8541,b8541
ZOEVA,https://www.douglas.pl/pl/b/zoeva/b9883,b9883
ZOJO,https://www.douglas.pl/pl/b/zojo/b6353,b6353
ZUVI,https://www.douglas.pl/pl/b/zuvi/b8326,b8326
